latitude,longitude,data,bright_ti4,bright_ti5,frp,scan,track,confidence_num,daynight_num,fonte,classe,data_original,ano,mes,dia,dia_do_ano,risco_fogo,diferenca_brilho,temperatura,umidade,vento,chuva
-14.80150538987435,-60.60782139135358,2025-03-05,0.0,0.0,0.0,0.0,0.0,0,0,GERADO,normal,2025-03-05,2025,3,5,64,0.0,0.0,,,,
-5.795537352130086,-59.34968307280401,2026-01-28,0.0,0.0,0.0,0.0,0.0,0,0,GERADO,normal,2026-01-28,2026,1,28,28,0.0,0.0,,,,
-22.48519,-62.18702,2026-06-05,306.4,288.68,1.6,0.39,0.59,60,0,NASA_FIRMS,queimada,2026-06-05,2026,6,5,156,18384.0,17.71999999999997,,,,
-18.32835,-51.07087,2026-06-02,335.4,301.64,2.68,0.45,0.63,60,1,NASA_FIRMS,queimada,2026-06-02,2026,6,2,153,20124.0,33.75999999999999,,,,
-15.64353,-60.24892,2026-06-03,338.47,305.53,4.93,0.42,0.37,60,1,NASA_FIRMS,queimada,2026-06-03,2026,6,3,154,20308.2,32.940000000000055,,,,
24.9887296,121.5601729,2025-10-20,0.0,0.0,0.0,0.0,0.0,0,0,NASA_EONET,enchente,2025-10-20T20:00:00Z,2025,10,20,293,0.0,0.0,,,,
-8.133740268738492,-64.24876127196791,2025-07-13,0.0,0.0,0.0,0.0,0.0,0,0,GERADO,normal,2025-07-13,2025,7,13,194,0.0,0.0,,,,
41.5089037,20.9585155,2026-01-05,0.0,0.0,0.0,0.0,0.0,0,0,NASA_EONET,enchente,2026-01-05T20:00:00Z,2026,1,5,5,0.0,0.0,,,,
-29.65880435569916,-65.16176779607018,2024-10-29,0.0,0.0,0.0,0.0,0.0,0,0,GERADO,normal,2024-10-29,2024,10,29,303,0.0,0.0,,,,
-9.36863,-50.54344,2026-06-04,301.68,289.01,0.5,0.41,0.37,60,0,NASA_FIRMS,queimada,2026-06-04,2026,6,4,155,18100.8,12.670000000000016,,,,
41.5217301,23.31601,2026-01-25,0.0,0.0,0.0,0.0,0.0,0,0,NASA_EONET,enchente,2026-01-25T20:00:00Z,2026,1,25,25,0.0,0.0,,,,
-19.540990127374105,-37.81072449815582,2025-06-09,0.0,0.0,0.0,0.0,0.0,0,0,GERADO,normal,2025-06-09,2025,6,9,160,0.0,0.0,,,,
22.3463347,106.8507445,2025-10-06,0.0,0.0,0.0,0.0,0.0,0,0,NASA_EONET,enchente,2025-10-06T20:00:00Z,2025,10,6,279,0.0,0.0,,,,
-21.59042779409731,-59.35486015025356,2024-07-04,0.0,0.0,0.0,0.0,0.0,0,0,GERADO,normal,2024-07-04,2024,7,4,186,0.0,0.0,,,,
-26.28497,-56.44467,2026-06-04,333.63,295.48,2.55,0.4,0.44,60,1,NASA_FIRMS,queimada,2026-06-04,2026,6,4,155,20017.8,38.14999999999998,,,,
-29.655060727410422,-42.00042505269595,2025-09-27,0.0,0.0,0.0,0.0,0.0,0,0,GERADO,normal,2025-09-27,2025,9,27,270,0.0,0.0,,,,
-1.4840916974445475,-70.13791707958461,2024-12-09,0.0,0.0,0.0,0.0,0.0,0,0,GERADO,normal,2024-12-09,2024,12,9,344,0.0,0.0,,,,
11.6614957,108.1335279,2025-12-02,0.0,0.0,0.0,0.0,0.0,0,0,NASA_EONET,enchente,2025-12-02T20:00:00Z,2025,12,2,336,0.0,0.0,,,,
3.30084,-72.10541,2026-06-03,327.4,280.36,4.88,0.4,0.6,60,1,NASA_FIRMS,queimada,2026-06-03,2026,6,3,154,19644.0,47.039999999999964,,,,
-30.7324,-60.13688,2026-06-02,336.41,288.42,22.62,0.39,0.36,60,1,NASA_FIRMS,queimada,2026-06-02,2026,6,2,153,20184.600000000002,47.99000000000001,,,,
5.389439217553722,-52.03620895711097,2025-06-19,0.0,0.0,0.0,0.0,0.0,0,0,GERADO,normal,2025-06-19,2025,6,19,170,0.0,0.0,,,,
-33.52668994043147,-64.72189707680026,2026-11-15,0.0,0.0,0.0,0.0,0.0,0,0,GERADO,normal,2026-11-15,2026,11,15,319,0.0,0.0,,,,
-31.880746660448253,-48.37356059869502,2026-04-14,0.0,0.0,0.0,0.0,0.0,0,0,GERADO,normal,2026-04-14,2026,4,14,104,0.0,0.0,,,,
-17.2066659841708,-35.87236680360034,2026-07-12,0.0,0.0,0.0,0.0,0.0,0,0,GERADO,normal,2026-07-12,2026,7,12,193,0.0,0.0,,,,
-32.78883674857576,-34.806969758389826,2025-05-20,0.0,0.0,0.0,0.0,0.0,0,0,GERADO,normal,2025-05-20,2025,5,20,140,0.0,0.0,,,,
-16.82796,-60.93972,2026-06-04,300.84,288.29,0.71,0.41,0.61,60,0,NASA_FIRMS,queimada,2026-06-04,2026,6,4,155,18050.399999999998,12.549999999999955,,,,
5.670147582698924,-68.52006083243879,2024-03-27,0.0,0.0,0.0,0.0,0.0,0,0,GERADO,normal,2024-03-27,2024,3,27,87,0.0,0.0,,,,
-3.065258317202435,-44.40656654421373,2025-05-26,0.0,0.0,0.0,0.0,0.0,0,0,GERADO,normal,2025-05-26,2025,5,26,146,0.0,0.0,,,,
-13.932029989406065,-34.58194143278864,2026-04-24,0.0,0.0,0.0,0.0,0.0,0,0,GERADO,normal,2026-04-24,2026,4,24,114,0.0,0.0,,,,
-31.68546325813468,-43.07273809235887,2026-04-13,0.0,0.0,0.0,0.0,0.0,0,0,GERADO,normal,2026-04-13,2026,4,13,103,0.0,0.0,,,,
-22.06800743461761,-71.89112424434029,2025-05-07,0.0,0.0,0.0,0.0,0.0,0,0,GERADO,normal,2025-05-07,2025,5,7,127,0.0,0.0,,,,
-25.2269908,-64.5911956,2026-02-05,0.0,0.0,0.0,0.0,0.0,0,0,NASA_EONET,enchente,2026-02-05T20:00:00Z,2026,2,5,36,0.0,0.0,,,,
-28.648408464946144,-35.39630075433381,2025-02-28,0.0,0.0,0.0,0.0,0.0,0,0,GERADO,normal,2025-02-28,2025,2,28,59,0.0,0.0,,,,
-9.338775233266992,-71.59001502497992,2026-10-02,0.0,0.0,0.0,0.0,0.0,0,0,GERADO,normal,2026-10-02,2026,10,2,275,0.0,0.0,,,,
-11.61722,-55.18255,2026-06-03,299.63,278.04,0.49,0.39,0.36,60,0,NASA_FIRMS,queimada,2026-06-03,2026,6,3,154,17977.8,21.589999999999975,,,,
-29.46405,-59.71655,2026-06-04,333.57,282.12,2.64,0.34,0.56,60,1,NASA_FIRMS,queimada,2026-06-04,2026,6,4,155,20014.2,51.44999999999999,,,,
-17.48875,-59.51867,2026-06-05,332.1,290.09,5.11,0.65,0.73,60,0,NASA_FIRMS,queimada,2026-06-05,2026,6,5,156,19926.0,42.01000000000005,,,,
-9.64982,-37.30603,2026-06-02,333.27,304.91,2.25,0.4,0.37,60,1,NASA_FIRMS,queimada,2026-06-02,2026,6,2,153,19996.199999999997,28.359999999999957,,,,
-14.522539372219914,-70.3296383025271,2026-04-02,0.0,0.0,0.0,0.0,0.0,0,0,GERADO,normal,2026-04-02,2026,4,2,92,0.0,0.0,,,,
-14.34131,-58.43544,2026-06-02,345.2,302.88,8.83,0.55,0.43,60,1,NASA_FIRMS,queimada,2026-06-02,2026,6,2,153,20712.0,42.31999999999999,,,,
-31.4192355598864,-60.85867176533981,2024-01-25,0.0,0.0,0.0,0.0,0.0,0,0,GERADO,normal,2024-01-25,2024,1,25,25,0.0,0.0,,,,
-22.90844,-43.73225,2026-06-05,318.2,287.25,3.43,0.47,0.39,60,0,NASA_FIRMS,queimada,2026-06-05,2026,6,5,156,19092.0,30.94999999999999,,,,
-4.870454344360134,-38.02973388147201,2024-08-21,0.0,0.0,0.0,0.0,0.0,0,0,GERADO,normal,2024-08-21,2024,8,21,234,0.0,0.0,,,,
-27.1774223,26.1125347,2026-04-30,0.0,0.0,0.0,0.0,0.0,0,0,NASA_EONET,enchente,2026-04-30T20:00:00Z,2026,4,30,120,0.0,0.0,,,,
-2.794199668957077,-40.48405814108671,2025-02-12,0.0,0.0,0.0,0.0,0.0,0,0,GERADO,normal,2025-02-12,2025,2,12,43,0.0,0.0,,,,
-20.24002,-40.24219,2026-06-02,348.52,297.61,9.49,0.49,0.4,60,1,NASA_FIRMS,queimada,2026-06-02,2026,6,2,153,20911.199999999997,50.90999999999997,,,,
-28.661,-59.14567,2026-06-04,325.04,293.1,3.8,0.61,0.53,60,1,NASA_FIRMS,queimada,2026-06-04,2026,6,4,155,19502.4,31.939999999999998,,,,
-12.44324,-58.47466,2026-06-04,352.46,309.38,51.0,0.53,0.42,60,1,NASA_FIRMS,queimada,2026-06-04,2026,6,4,155,21147.6,43.079999999999984,,,,
12.11703505,-14.1762505779696,2025-09-24,0.0,0.0,0.0,0.0,0.0,0,0,NASA_EONET,enchente,2025-09-24T20:00:00Z,2025,9,24,267,0.0,0.0,,,,
21.3007538,105.1349604,2025-07-20,0.0,0.0,0.0,0.0,0.0,0,0,NASA_EONET,enchente,2025-07-20T20:00:00Z,2025,7,20,201,0.0,0.0,,,,
49.163877,-123.938122,2026-01-10,0.0,0.0,0.0,0.0,0.0,0,0,NASA_EONET,enchente,2026-01-10T20:00:00Z,2026,1,10,10,0.0,0.0,,,,
42.389633,18.9246085,2026-01-04,0.0,0.0,0.0,0.0,0.0,0,0,NASA_EONET,enchente,2026-01-04T20:00:00Z,2026,1,4,4,0.0,0.0,,,,
-26.323780256762248,-37.72904131936612,2026-05-10,0.0,0.0,0.0,0.0,0.0,0,0,GERADO,normal,2026-05-10,2026,5,10,130,0.0,0.0,,,,
-30.582348879154157,-69.40865965069922,2025-12-04,0.0,0.0,0.0,0.0,0.0,0,0,GERADO,normal,2025-12-04,2025,12,4,338,0.0,0.0,,,,
-17.90756185,140.933684044475,2025-12-27,0.0,0.0,0.0,0.0,0.0,0,0,NASA_EONET,enchente,2025-12-27T20:00:00Z,2025,12,27,361,0.0,0.0,,,,
47.4036425,8.5465866,2025-08-31,0.0,0.0,0.0,0.0,0.0,0,0,NASA_EONET,enchente,2025-08-31T20:00:00Z,2025,8,31,243,0.0,0.0,,,,
-23.2925,-56.62972,2026-06-03,306.74,287.3,0.83,0.38,0.36,60,0,NASA_FIRMS,queimada,2026-06-03,2026,6,3,154,18404.4,19.439999999999998,,,,
-11.57062,-54.58797,2026-06-05,299.92,288.49,3.21,0.41,0.61,60,0,NASA_FIRMS,queimada,2026-06-05,2026,6,5,156,17995.2,11.430000000000007,,,,
-10.86343,-53.74507,2026-06-03,355.39,307.63,7.12,0.41,0.45,60,1,NASA_FIRMS,queimada,2026-06-03,2026,6,3,154,21323.399999999998,47.75999999999999,,,,
42.4668541,1.4923277,2025-06-22,0.0,0.0,0.0,0.0,0.0,0,0,NASA_EONET,enchente,2025-06-22T20:00:00Z,2025,6,22,173,0.0,0.0,,,,
-6.7988941,107.5356259,2025-12-29,0.0,0.0,0.0,0.0,0.0,0,0,NASA_EONET,enchente,2025-12-29T20:00:00Z,2025,12,29,363,0.0,0.0,,,,
27.505987943711,83.768356129422,2025-06-17,0.0,0.0,0.0,0.0,0.0,0,0,NASA_EONET,enchente,2025-06-17T20:00:00Z,2025,6,17,168,0.0,0.0,,,,
-24.09777,-56.04195,2026-06-04,333.25,297.98,8.66,0.53,0.42,60,1,NASA_FIRMS,queimada,2026-06-04,2026,6,4,155,19995.0,35.26999999999998,,,,
-11.74595,-54.78407,2026-06-03,334.21,302.64,8.1,0.52,0.42,60,1,NASA_FIRMS,queimada,2026-06-03,2026,6,3,154,20052.6,31.569999999999993,,,,
35.034477,32.426471,2025-12-06,0.0,0.0,0.0,0.0,0.0,0,0,NASA_EONET,enchente,2025-12-06T20:00:00Z,2025,12,6,340,0.0,0.0,,,,
-28.81266,-55.47607,2026-06-03,331.44,297.87,5.9,0.39,0.36,60,1,NASA_FIRMS,queimada,2026-06-03,2026,6,3,154,19886.4,33.56999999999999,,,,
-10.34221,-49.92382,2026-06-02,334.85,297.39,5.41,0.5,0.66,60,1,NASA_FIRMS,queimada,2026-06-02,2026,6,2,153,20091.0,37.460000000000036,,,,
-31.012782051964383,-49.06715623643909,2024-10-13,0.0,0.0,0.0,0.0,0.0,0,0,GERADO,normal,2024-10-13,2024,10,13,287,0.0,0.0,,,,
-32.11995807428574,-72.46096691345136,2026-10-01,0.0,0.0,0.0,0.0,0.0,0,0,GERADO,normal,2026-10-01,2026,10,1,274,0.0,0.0,,,,
-14.16002,-58.99788,2026-06-03,332.87,296.87,3.65,0.39,0.36,60,1,NASA_FIRMS,queimada,2026-06-03,2026,6,3,154,19972.2,36.0,,,,
-12.56354,-48.34886,2026-06-04,307.75,290.97,1.3,0.39,0.36,60,0,NASA_FIRMS,queimada,2026-06-04,2026,6,4,155,18465.0,16.779999999999973,,,,
-33.912907,24.849839,2026-06-02,0.0,0.0,0.0,0.0,0.0,0,0,NASA_EONET,enchente,2026-06-02T20:00:00Z,2026,6,2,153,0.0,0.0,,,,
50.78611345,-116.790900518782,2025-08-15,0.0,0.0,0.0,0.0,0.0,0,0,NASA_EONET,enchente,2025-08-15T20:00:00Z,2025,8,15,227,0.0,0.0,,,,
-10.90338,-46.99797,2026-06-02,208.0,307.5,129.69,0.32,0.55,30,1,NASA_FIRMS,queimada,2026-06-02,2026,6,2,153,6240.0,-99.5,,,,
43.757456,-0.574187,2025-12-03,0.0,0.0,0.0,0.0,0.0,0,0,NASA_EONET,enchente,2025-12-03T20:00:00Z,2025,12,3,337,0.0,0.0,,,,
-31.06169737096395,-67.80772490990647,2026-02-02,0.0,0.0,0.0,0.0,0.0,0,0,GERADO,normal,2026-02-02,2026,2,2,33,0.0,0.0,,,,
27.5239005,57.8771387,2025-07-06,0.0,0.0,0.0,0.0,0.0,0,0,NASA_EONET,enchente,2025-07-06T20:00:00Z,2025,7,6,187,0.0,0.0,,,,
35.9607535,0.9180664,2025-10-26,0.0,0.0,0.0,0.0,0.0,0,0,NASA_EONET,enchente,2025-10-26T20:00:00Z,2025,10,26,299,0.0,0.0,,,,
-29.11268,-58.53544,2026-06-02,332.69,282.28,4.44,0.39,0.36,60,1,NASA_FIRMS,queimada,2026-06-02,2026,6,2,153,19961.4,50.410000000000025,,,,
47.3481615,-1.8727461,2025-09-01,0.0,0.0,0.0,0.0,0.0,0,0,NASA_EONET,enchente,2025-09-01T20:00:00Z,2025,9,1,244,0.0,0.0,,,,
-1.0232222736710597,-44.33023438983525,2024-07-18,0.0,0.0,0.0,0.0,0.0,0,0,GERADO,normal,2024-07-18,2024,7,18,200,0.0,0.0,,,,
-16.51566,-59.27784,2026-06-03,332.63,303.95,3.96,0.4,0.37,60,1,NASA_FIRMS,queimada,2026-06-03,2026,6,3,154,19957.8,28.680000000000007,,,,
-27.06985,-61.10201,2026-06-04,329.13,293.09,1.62,0.39,0.59,60,1,NASA_FIRMS,queimada,2026-06-04,2026,6,4,155,19747.8,36.04000000000002,,,,
43.29548,-2.9900933,2025-06-24,0.0,0.0,0.0,0.0,0.0,0,0,NASA_EONET,enchente,2025-06-24T20:00:00Z,2025,6,24,175,0.0,0.0,,,,
-8.275946,-77.2962826,2026-03-05,0.0,0.0,0.0,0.0,0.0,0,0,NASA_EONET,enchente,2026-03-05T20:00:00Z,2026,3,5,64,0.0,0.0,,,,
5.62188,-69.09361,2026-06-02,348.61,292.76,9.15,0.4,0.37,60,1,NASA_FIRMS,queimada,2026-06-02,2026,6,2,153,20916.600000000002,55.85000000000002,,,,
44.5507941,26.0729271,2025-07-21,0.0,0.0,0.0,0.0,0.0,0,0,NASA_EONET,enchente,2025-07-21T06:00:00Z,2025,7,21,202,0.0,0.0,,,,
11.9566972,34.122894,2025-07-31,0.0,0.0,0.0,0.0,0.0,0,0,NASA_EONET,enchente,2025-07-31T20:00:00Z,2025,7,31,212,0.0,0.0,,,,
-29.0177384,-57.8869739,2025-10-15,0.0,0.0,0.0,0.0,0.0,0,0,NASA_EONET,enchente,2025-10-15T20:00:00Z,2025,10,15,288,0.0,0.0,,,,
33.215441,7.15532139909832,2025-12-16,0.0,0.0,0.0,0.0,0.0,0,0,NASA_EONET,enchente,2025-12-16T20:00:00Z,2025,12,16,350,0.0,0.0,,,,
-14.34007472777306,-37.488701142433776,2024-01-10,0.0,0.0,0.0,0.0,0.0,0,0,GERADO,normal,2024-01-10,2024,1,10,10,0.0,0.0,,,,
-12.5515,-57.17814,2026-06-03,342.96,310.47,4.74,0.4,0.37,60,1,NASA_FIRMS,queimada,2026-06-03,2026,6,3,154,20577.6,32.48999999999995,,,,
-17.71588,-60.36824,2026-06-02,332.73,299.53,3.15,0.41,0.37,60,1,NASA_FIRMS,queimada,2026-06-02,2026,6,2,153,19963.800000000003,33.200000000000045,,,,
-28.18242213245645,-59.86820140906636,2024-02-13,0.0,0.0,0.0,0.0,0.0,0,0,GERADO,normal,2024-02-13,2024,2,13,44,0.0,0.0,,,,
-2.672761638347172,-37.43357871705626,2024-01-25,0.0,0.0,0.0,0.0,0.0,0,0,GERADO,normal,2024-01-25,2024,1,25,25,0.0,0.0,,,,
-12.2075,-57.28687,2026-06-04,316.67,292.32,14.73,0.58,0.52,60,0,NASA_FIRMS,queimada,2026-06-04,2026,6,4,155,19000.2,24.350000000000023,,,,
-10.87409,-53.77881,2026-06-03,309.94,290.57,0.77,0.38,0.36,60,0,NASA_FIRMS,queimada,2026-06-03,2026,6,3,154,18596.4,19.370000000000005,,,,
-17.49772,-59.55284,2026-06-04,330.71,301.99,4.06,0.48,0.48,30,1,NASA_FIRMS,queimada,2026-06-04,2026,6,4,155,9921.3,28.71999999999997,,,,
-18.76503448342358,-64.2241169307851,2024-11-09,0.0,0.0,0.0,0.0,0.0,0,0,GERADO,normal,2024-11-09,2024,11,9,314,0.0,0.0,,,,
-9.59515,-48.11922,2026-06-03,337.43,291.52,6.79,0.51,0.66,60,1,NASA_FIRMS,queimada,2026-06-03,2026,6,3,154,20245.8,45.910000000000025,,,,
31.0708586,35.0412455,2026-03-24,0.0,0.0,0.0,0.0,0.0,0,0,NASA_EONET,enchente,2026-03-24T20:00:00Z,2026,3,24,83,0.0,0.0,,,,
10.7203862,-85.4098062,2025-09-11,0.0,0.0,0.0,0.0,0.0,0,0,NASA_EONET,enchente,2025-09-11T20:00:00Z,2025,9,11,254,0.0,0.0,,,,
5.917487702737319,-57.724603552114885,2026-07-11,0.0,0.0,0.0,0.0,0.0,0,0,GERADO,normal,2026-07-11,2026,7,11,192,0.0,0.0,,,,
-6.860168703351423,-67.62859291043092,2024-03-30,0.0,0.0,0.0,0.0,0.0,0,0,GERADO,normal,2024-03-30,2024,3,30,90,0.0,0.0,,,,
-18.23114,-59.87071,2026-06-03,330.42,297.71,2.8,0.42,0.38,60,1,NASA_FIRMS,queimada,2026-06-03,2026,6,3,154,19825.2,32.710000000000036,,,,
-5.52947,-48.52843,2026-06-03,335.54,290.09,5.59,0.56,0.69,60,1,NASA_FIRMS,queimada,2026-06-03,2026,6,3,154,20132.4,45.450000000000045,,,,
-8.50928,-46.43179,2026-06-02,356.29,296.28,22.34,0.55,0.51,60,1,NASA_FIRMS,queimada,2026-06-02,2026,6,2,153,21377.4,60.01000000000005,,,,
5.256242771931099,-70.4756153677227,2024-02-29,0.0,0.0,0.0,0.0,0.0,0,0,GERADO,normal,2024-02-29,2024,2,29,60,0.0,0.0,,,,
-8.39221,-47.56018,2026-06-03,334.87,289.8,9.36,0.58,0.7,60,1,NASA_FIRMS,queimada,2026-06-03,2026,6,3,154,20092.2,45.06999999999999,,,,
-16.443473,-39.064251,2025-10-23,0.0,0.0,0.0,0.0,0.0,0,0,NASA_EONET,enchente,2025-10-23T20:00:00Z,2025,10,23,296,0.0,0.0,,,,
-12.44072,-58.46973,2026-06-05,310.14,287.68,3.3,0.7,0.75,60,0,NASA_FIRMS,queimada,2026-06-05,2026,6,5,156,18608.399999999998,22.45999999999998,,,,
-29.295258381407017,-46.47828357387999,2024-12-24,0.0,0.0,0.0,0.0,0.0,0,0,GERADO,normal,2024-12-24,2024,12,24,359,0.0,0.0,,,,
-2.55260945,32.9099771235769,2026-03-09,0.0,0.0,0.0,0.0,0.0,0,0,NASA_EONET,enchente,2026-03-09T20:00:00Z,2026,3,9,68,0.0,0.0,,,,
-5.93114,-43.34652,2026-06-03,337.58,294.02,3.25,0.33,0.55,60,1,NASA_FIRMS,queimada,2026-06-03,2026,6,3,154,20254.8,43.56,,,,
-21.32207,-61.0376,2026-06-05,300.0,287.98,1.01,0.45,0.63,60,0,NASA_FIRMS,queimada,2026-06-05,2026,6,5,156,18000.0,12.019999999999982,,,,
-31.18394,-55.72552,2026-06-03,333.22,295.52,9.08,0.4,0.37,60,1,NASA_FIRMS,queimada,2026-06-03,2026,6,3,154,19993.2,37.700000000000045,,,,
9.5129772,12.3881887,2025-08-30,0.0,0.0,0.0,0.0,0.0,0,0,NASA_EONET,enchente,2025-08-30T20:00:00Z,2025,8,30,242,0.0,0.0,,,,
-16.54987,-59.29111,2026-06-05,307.61,289.51,2.06,0.51,0.66,60,0,NASA_FIRMS,queimada,2026-06-05,2026,6,5,156,18456.600000000002,18.100000000000023,,,,
-16.09116,-61.82928,2026-06-02,343.56,296.63,6.39,0.39,0.36,60,1,NASA_FIRMS,queimada,2026-06-02,2026,6,2,153,20613.6,46.93000000000001,,,,
-13.222785602929768,-65.04893371629181,2026-10-23,0.0,0.0,0.0,0.0,0.0,0,0,GERADO,normal,2026-10-23,2026,10,23,296,0.0,0.0,,,,
18.7544594,100.624804,2025-07-08,0.0,0.0,0.0,0.0,0.0,0,0,NASA_EONET,enchente,2025-07-08T20:00:00Z,2025,7,8,189,0.0,0.0,,,,
5.846248861071743,-63.16644388622576,2025-04-17,0.0,0.0,0.0,0.0,0.0,0,0,GERADO,normal,2025-04-17,2025,4,17,107,0.0,0.0,,,,
-14.939042334415326,-65.57102066853253,2026-07-13,0.0,0.0,0.0,0.0,0.0,0,0,GERADO,normal,2026-07-13,2026,7,13,194,0.0,0.0,,,,
-25.33148,-42.69241,2026-06-04,341.91,291.93,9.76,0.56,0.51,60,1,NASA_FIRMS,queimada,2026-06-04,2026,6,4,155,20514.600000000002,49.98000000000002,,,,
-16.17526,-61.1413,2026-06-03,339.05,306.26,7.81,0.46,0.39,60,1,NASA_FIRMS,queimada,2026-06-03,2026,6,3,154,20343.0,32.79000000000002,,,,
-7.244014762737841,-42.89095530571859,2024-07-15,0.0,0.0,0.0,0.0,0.0,0,0,GERADO,normal,2024-07-15,2024,7,15,197,0.0,0.0,,,,
3.48261685309177,-58.43016553953428,2024-11-23,0.0,0.0,0.0,0.0,0.0,0,0,GERADO,normal,2024-11-23,2024,11,23,328,0.0,0.0,,,,
14.302152,-90.393909320155,2025-09-01,0.0,0.0,0.0,0.0,0.0,0,0,NASA_EONET,enchente,2025-09-01T20:00:00Z,2025,9,1,244,0.0,0.0,,,,
-19.439100724990404,-62.86290217561389,2026-11-09,0.0,0.0,0.0,0.0,0.0,0,0,GERADO,normal,2026-11-09,2026,11,9,313,0.0,0.0,,,,
-12.20649,-57.29235,2026-06-04,315.34,292.92,14.99,0.58,0.52,60,0,NASA_FIRMS,queimada,2026-06-04,2026,6,4,155,18920.399999999998,22.41999999999996,,,,
-25.44136089074911,-34.169188429393714,2024-12-02,0.0,0.0,0.0,0.0,0.0,0,0,GERADO,normal,2024-12-02,2024,12,2,337,0.0,0.0,,,,
-13.92348,-65.7485,2026-06-04,340.21,292.97,9.55,0.55,0.68,60,1,NASA_FIRMS,queimada,2026-06-04,2026,6,4,155,20412.6,47.23999999999995,,,,
-17.467339937420842,-48.504145682586696,2026-03-04,0.0,0.0,0.0,0.0,0.0,0,0,GERADO,normal,2026-03-04,2026,3,4,63,0.0,0.0,,,,
1.2020809431965347,-54.53389678102586,2024-09-24,0.0,0.0,0.0,0.0,0.0,0,0,GERADO,normal,2024-09-24,2024,9,24,268,0.0,0.0,,,,
43.53659425,16.2990687216317,2025-09-22,0.0,0.0,0.0,0.0,0.0,0,0,NASA_EONET,enchente,2025-09-22T20:00:00Z,2025,9,22,265,0.0,0.0,,,,
-23.89748,-61.49999,2026-06-04,328.82,292.49,22.49,0.73,0.76,60,1,NASA_FIRMS,queimada,2026-06-04,2026,6,4,155,19729.2,36.329999999999984,,,,
-11.74684,-57.82993,2026-06-04,335.72,297.46,5.84,0.48,0.4,60,1,NASA_FIRMS,queimada,2026-06-04,2026,6,4,155,20143.2,38.26000000000005,,,,
-11.32915,-53.9571,2026-06-03,305.57,291.23,1.21,0.38,0.36,60,0,NASA_FIRMS,queimada,2026-06-03,2026,6,3,154,18334.2,14.339999999999975,,,,
-17.6912922,24.1377371,2026-03-14,0.0,0.0,0.0,0.0,0.0,0,0,NASA_EONET,enchente,2026-03-14T20:00:00Z,2026,3,14,73,0.0,0.0,,,,
-7.00328,-45.00694,2026-06-03,331.4,296.46,13.09,0.44,0.62,60,1,NASA_FIRMS,queimada,2026-06-03,2026,6,3,154,19884.0,34.94,,,,
0.4696649931285463,-65.34828401173601,2025-02-19,0.0,0.0,0.0,0.0,0.0,0,0,GERADO,normal,2025-02-19,2025,2,19,50,0.0,0.0,,,,
-29.86738,-51.52603,2026-06-03,334.4,293.27,3.51,0.44,0.38,60,1,NASA_FIRMS,queimada,2026-06-03,2026,6,3,154,20064.0,41.129999999999995,,,,
-12.124088369554606,-37.3898406405396,2026-01-07,0.0,0.0,0.0,0.0,0.0,0,0,GERADO,normal,2026-01-07,2026,1,7,7,0.0,0.0,,,,
-10.5357,-46.62967,2026-06-03,305.2,291.39,1.46,0.53,0.5,60,0,NASA_FIRMS,queimada,2026-06-03,2026,6,3,154,18312.0,13.810000000000002,,,,
33.712802,71.2678805,2026-03-24,0.0,0.0,0.0,0.0,0.0,0,0,NASA_EONET,enchente,2026-03-24T20:00:00Z,2026,3,24,83,0.0,0.0,,,,
-15.180808955488803,-46.10583671766484,2025-09-15,0.0,0.0,0.0,0.0,0.0,0,0,GERADO,normal,2025-09-15,2025,9,15,258,0.0,0.0,,,,
38.9023184,-86.0650856,2026-03-04,0.0,0.0,0.0,0.0,0.0,0,0,NASA_EONET,enchente,2026-03-04T20:00:00Z,2026,3,4,63,0.0,0.0,,,,
-21.871984977980627,-41.47531435044132,2026-03-13,0.0,0.0,0.0,0.0,0.0,0,0,GERADO,normal,2026-03-13,2026,3,13,72,0.0,0.0,,,,
-11.13892,-45.14712,2026-06-03,318.92,287.98,0.95,0.34,0.56,60,0,NASA_FIRMS,queimada,2026-06-03,2026,6,3,154,19135.2,30.939999999999998,,,,
11.2320944,-74.1950916,2025-08-01,0.0,0.0,0.0,0.0,0.0,0,0,NASA_EONET,enchente,2025-08-01T20:00:00Z,2025,8,1,213,0.0,0.0,,,,
-12.228494010672236,-51.48862828609167,2026-09-21,0.0,0.0,0.0,0.0,0.0,0,0,GERADO,normal,2026-09-21,2026,9,21,264,0.0,0.0,,,,
-7.489351803218863,-61.236338163106446,2025-11-23,0.0,0.0,0.0,0.0,0.0,0,0,GERADO,normal,2025-11-23,2025,11,23,327,0.0,0.0,,,,
37.40675795,-5.9868499784072,2025-10-27,0.0,0.0,0.0,0.0,0.0,0,0,NASA_EONET,enchente,2025-10-27T20:00:00Z,2025,10,27,300,0.0,0.0,,,,
-13.73963896639554,-44.5671155727792,2026-11-15,0.0,0.0,0.0,0.0,0.0,0,0,GERADO,normal,2026-11-15,2026,11,15,319,0.0,0.0,,,,
20.5922997,-100.3917424,2025-06-14,0.0,0.0,0.0,0.0,0.0,0,0,NASA_EONET,enchente,2025-06-14T20:00:00Z,2025,6,14,165,0.0,0.0,,,,
1.700822143325837,-41.7895432433534,2024-04-23,0.0,0.0,0.0,0.0,0.0,0,0,GERADO,normal,2024-04-23,2024,4,23,114,0.0,0.0,,,,
-10.676411548379647,-63.15310572026884,2025-12-15,0.0,0.0,0.0,0.0,0.0,0,0,GERADO,normal,2025-12-15,2025,12,15,349,0.0,0.0,,,,
-14.76673,-52.67404,2026-06-03,347.45,299.51,6.89,0.42,0.45,60,1,NASA_FIRMS,queimada,2026-06-03,2026,6,3,154,20847.0,47.94,,,,
-28.69181,-56.49808,2026-06-03,342.94,308.53,27.32,0.4,0.37,60,1,NASA_FIRMS,queimada,2026-06-03,2026,6,3,154,20576.4,34.410000000000025,,,,
-27.18026,-56.86396,2026-06-04,326.56,293.27,2.02,0.43,0.46,60,1,NASA_FIRMS,queimada,2026-06-04,2026,6,4,155,19593.6,33.29000000000002,,,,
-16.51787,-59.82457,2026-06-03,297.1,283.32,1.39,0.54,0.42,60,0,NASA_FIRMS,queimada,2026-06-03,2026,6,3,154,17826.0,13.78000000000003,,,,
-14.15515,-58.96566,2026-06-03,342.63,304.23,3.02,0.39,0.36,60,1,NASA_FIRMS,queimada,2026-06-03,2026,6,3,154,20557.8,38.39999999999998,,,,
-12.390240915924815,-57.237796422959526,2026-12-18,0.0,0.0,0.0,0.0,0.0,0,0,GERADO,normal,2026-12-18,2026,12,18,352,0.0,0.0,,,,
-10.583563341325306,-38.97570967457674,2025-07-08,0.0,0.0,0.0,0.0,0.0,0,0,GERADO,normal,2025-07-08,2025,7,8,189,0.0,0.0,,,,
-18.63094,-54.91557,2026-06-02,345.12,303.86,11.0,0.51,0.49,60,1,NASA_FIRMS,queimada,2026-06-02,2026,6,2,153,20707.2,41.25999999999999,,,,
-12.52392,-46.2797,2026-06-05,323.81,291.68,1.64,0.4,0.37,60,0,NASA_FIRMS,queimada,2026-06-05,2026,6,5,156,19428.6,32.129999999999995,,,,
-7.421010171243907,-70.68949488753799,2025-10-22,0.0,0.0,0.0,0.0,0.0,0,0,GERADO,normal,2025-10-22,2025,10,22,295,0.0,0.0,,,,
-29.539978645156435,-68.85647246492196,2026-05-26,0.0,0.0,0.0,0.0,0.0,0,0,GERADO,normal,2026-05-26,2026,5,26,146,0.0,0.0,,,,
9.26847485,-81.9932387104681,2025-11-26,0.0,0.0,0.0,0.0,0.0,0,0,NASA_EONET,enchente,2025-11-26T20:00:00Z,2025,11,26,330,0.0,0.0,,,,
-16.54523,-59.28815,2026-06-03,350.98,302.88,3.84,0.4,0.37,60,1,NASA_FIRMS,queimada,2026-06-03,2026,6,3,154,21058.800000000003,48.10000000000002,,,,
-17.50125,-59.55112,2026-06-03,328.78,290.3,8.38,0.51,0.41,60,0,NASA_FIRMS,queimada,2026-06-03,2026,6,3,154,19726.8,38.47999999999996,,,,
-11.570957718561818,-57.07906232771703,2025-12-01,0.0,0.0,0.0,0.0,0.0,0,0,GERADO,normal,2025-12-01,2025,12,1,335,0.0,0.0,,,,
54.53338035,17.7447829989181,2025-09-04,0.0,0.0,0.0,0.0,0.0,0,0,NASA_EONET,enchente,2025-09-04T20:00:00Z,2025,9,4,247,0.0,0.0,,,,
7.9173241,-71.059324,2025-07-02,0.0,0.0,0.0,0.0,0.0,0,0,NASA_EONET,enchente,2025-07-02T20:00:00Z,2025,7,2,183,0.0,0.0,,,,
-29.34085,-59.68872,2026-06-04,328.82,290.13,3.02,0.33,0.56,60,1,NASA_FIRMS,queimada,2026-06-04,2026,6,4,155,19729.2,38.69,,,,
-28.49196,-56.52118,2026-06-02,352.53,289.04,13.75,0.44,0.39,60,1,NASA_FIRMS,queimada,2026-06-02,2026,6,2,153,21151.8,63.48999999999995,,,,
-24.732807346568745,-64.9744181975012,2026-09-26,0.0,0.0,0.0,0.0,0.0,0,0,GERADO,normal,2026-09-26,2026,9,26,269,0.0,0.0,,,,
-6.5962986,106.7972421,2025-08-14,0.0,0.0,0.0,0.0,0.0,0,0,NASA_EONET,enchente,2025-08-14T09:00:00Z,2025,8,14,226,0.0,0.0,,,,
-15.63426,-60.25827,2026-06-03,330.47,302.32,2.47,0.42,0.37,60,1,NASA_FIRMS,queimada,2026-06-03,2026,6,3,154,19828.2,28.150000000000034,,,,
0.7913704583689949,-65.42613217395387,2025-07-09,0.0,0.0,0.0,0.0,0.0,0,0,GERADO,normal,2025-07-09,2025,7,9,190,0.0,0.0,,,,
-10.57235,-57.32803,2026-06-03,308.32,289.79,2.4,0.48,0.4,60,0,NASA_FIRMS,queimada,2026-06-03,2026,6,3,154,18499.2,18.529999999999973,,,,
35.4050761,2.70487773925326,2025-06-29,0.0,0.0,0.0,0.0,0.0,0,0,NASA_EONET,enchente,2025-06-29T20:00:00Z,2025,6,29,180,0.0,0.0,,,,
-18.37342,-59.08408,2026-06-05,324.34,289.67,2.87,0.58,0.7,60,0,NASA_FIRMS,queimada,2026-06-05,2026,6,5,156,19460.399999999998,34.66999999999996,,,,
-12.73079,-54.74289,2026-06-05,313.26,290.1,2.84,0.4,0.6,60,0,NASA_FIRMS,queimada,2026-06-05,2026,6,5,156,18795.6,23.159999999999968,,,,
-4.548683321880652,-44.6082028377125,2026-06-17,0.0,0.0,0.0,0.0,0.0,0,0,GERADO,normal,2026-06-17,2026,6,17,168,0.0,0.0,,,,
64.1292448,-18.7121704298827,2025-08-14,0.0,0.0,0.0,0.0,0.0,0,0,NASA_EONET,enchente,2025-08-14T20:00:00Z,2025,8,14,226,0.0,0.0,,,,
25.09348475,90.0978252395603,2025-09-17,0.0,0.0,0.0,0.0,0.0,0,0,NASA_EONET,enchente,2025-09-17T20:00:00Z,2025,9,17,260,0.0,0.0,,,,
-9.14356,-50.94353,2026-06-03,327.65,294.95,2.43,0.34,0.56,60,1,NASA_FIRMS,queimada,2026-06-03,2026,6,3,154,19659.0,32.69999999999999,,,,
-3.500449702337008,-58.659657637279366,2025-12-19,0.0,0.0,0.0,0.0,0.0,0,0,GERADO,normal,2025-12-19,2025,12,19,353,0.0,0.0,,,,
-29.047609963309544,-59.13642344506668,2025-11-16,0.0,0.0,0.0,0.0,0.0,0,0,GERADO,normal,2025-11-16,2025,11,16,320,0.0,0.0,,,,
45.6240574,27.7958074,2025-07-08,0.0,0.0,0.0,0.0,0.0,0,0,NASA_EONET,enchente,2025-07-08T20:00:00Z,2025,7,8,189,0.0,0.0,,,,
24.5351182,15.2592288,2026-05-25,0.0,0.0,0.0,0.0,0.0,0,0,NASA_EONET,enchente,2026-05-25T20:00:00Z,2026,5,25,145,0.0,0.0,,,,
3.046831354881647,-45.976631105860974,2024-02-07,0.0,0.0,0.0,0.0,0.0,0,0,GERADO,normal,2024-02-07,2024,2,7,38,0.0,0.0,,,,
-3.352523931510298,-49.79204971841829,2026-03-27,0.0,0.0,0.0,0.0,0.0,0,0,GERADO,normal,2026-03-27,2026,3,27,86,0.0,0.0,,,,
15.795526,43.359869,2025-08-17,0.0,0.0,0.0,0.0,0.0,0,0,NASA_EONET,enchente,2025-08-17T20:00:00Z,2025,8,17,229,0.0,0.0,,,,
-27.61196,-55.93085,2026-06-02,330.03,293.65,9.64,0.48,0.4,60,1,NASA_FIRMS,queimada,2026-06-02,2026,6,2,153,19801.8,36.379999999999995,,,,
32.3073499,34.8628611,2025-12-22,0.0,0.0,0.0,0.0,0.0,0,0,NASA_EONET,enchente,2025-12-22T20:00:00Z,2025,12,22,356,0.0,0.0,,,,
-18.37605,-59.07275,2026-06-05,301.28,288.46,1.57,0.58,0.7,60,0,NASA_FIRMS,queimada,2026-06-05,2026,6,5,156,18076.8,12.819999999999993,,,,
19.0545611,96.7407115403549,2025-08-02,0.0,0.0,0.0,0.0,0.0,0,0,NASA_EONET,enchente,2025-08-02T20:00:00Z,2025,8,2,214,0.0,0.0,,,,
-11.56698,-54.58644,2026-06-03,301.8,290.29,1.1,0.39,0.36,60,0,NASA_FIRMS,queimada,2026-06-03,2026,6,3,154,18108.0,11.509999999999991,,,,
28.21162025,85.5436648855251,2025-07-07,0.0,0.0,0.0,0.0,0.0,0,0,NASA_EONET,enchente,2025-07-07T20:00:00Z,2025,7,7,188,0.0,0.0,,,,
2.0783351,45.2805421,2026-04-25,0.0,0.0,0.0,0.0,0.0,0,0,NASA_EONET,enchente,2026-04-25T20:00:00Z,2026,4,25,115,0.0,0.0,,,,
-16.50025,-59.29986,2026-06-03,303.82,280.37,1.87,0.51,0.41,60,0,NASA_FIRMS,queimada,2026-06-03,2026,6,3,154,18229.2,23.44999999999999,,,,
-17.85398,-62.60333,2026-06-04,333.76,297.55,2.34,0.38,0.59,60,1,NASA_FIRMS,queimada,2026-06-04,2026,6,4,155,20025.6,36.20999999999998,,,,
-25.7225849030341,-58.97999381370782,2025-08-16,0.0,0.0,0.0,0.0,0.0,0,0,GERADO,normal,2025-08-16,2025,8,16,228,0.0,0.0,,,,
1.62209419622322,103.435242762347,2025-10-03,0.0,0.0,0.0,0.0,0.0,0,0,NASA_EONET,enchente,2025-10-03T20:00:00Z,2025,10,3,276,0.0,0.0,,,,
-28.48761,-56.51747,2026-06-02,335.47,290.44,13.75,0.44,0.39,60,1,NASA_FIRMS,queimada,2026-06-02,2026,6,2,153,20128.2,45.03000000000003,,,,
20.6902505,-88.2016999,2026-02-27,0.0,0.0,0.0,0.0,0.0,0,0,NASA_EONET,enchente,2026-02-27T20:00:00Z,2026,2,27,58,0.0,0.0,,,,
-15.80712,-61.93625,2026-06-03,304.99,290.48,1.29,0.5,0.49,60,0,NASA_FIRMS,queimada,2026-06-03,2026,6,3,154,18299.4,14.509999999999991,,,,
-18.8574388,-41.9439184,2025-12-11,0.0,0.0,0.0,0.0,0.0,0,0,NASA_EONET,enchente,2025-12-11T20:00:00Z,2025,12,11,345,0.0,0.0,,,,
-8.88057,-49.17986,2026-06-04,330.14,296.45,3.92,0.43,0.46,60,1,NASA_FIRMS,queimada,2026-06-04,2026,6,4,155,19808.399999999998,33.69,,,,
-27.191149016748422,-42.49423044296579,2024-11-02,0.0,0.0,0.0,0.0,0.0,0,0,GERADO,normal,2024-11-02,2024,11,2,307,0.0,0.0,,,,
30.79974695,35.7377625861639,2025-11-23,0.0,0.0,0.0,0.0,0.0,0,0,NASA_EONET,enchente,2025-11-23T20:00:00Z,2025,11,23,327,0.0,0.0,,,,
-18.583982753868305,-56.98627637064655,2025-03-15,0.0,0.0,0.0,0.0,0.0,0,0,GERADO,normal,2025-03-15,2025,3,15,74,0.0,0.0,,,,
-26.78651,-53.60955,2026-06-03,332.21,296.2,3.31,0.4,0.37,60,1,NASA_FIRMS,queimada,2026-06-03,2026,6,3,154,19932.6,36.00999999999999,,,,
-16.52027,-59.83388,2026-06-02,329.63,298.54,4.24,0.44,0.39,60,1,NASA_FIRMS,queimada,2026-06-02,2026,6,2,153,19777.8,31.089999999999975,,,,
-3.0899292604443858,-53.41055644329708,2024-02-06,0.0,0.0,0.0,0.0,0.0,0,0,GERADO,normal,2024-02-06,2024,2,6,37,0.0,0.0,,,,
-22.38877,-57.1485,2026-06-02,328.89,292.53,4.81,0.5,0.41,60,1,NASA_FIRMS,queimada,2026-06-02,2026,6,2,153,19733.399999999998,36.360000000000014,,,,
-25.835671984114832,-37.4606254209677,2025-01-31,0.0,0.0,0.0,0.0,0.0,0,0,GERADO,normal,2025-01-31,2025,1,31,31,0.0,0.0,,,,
-10.38728,-49.44588,2026-06-04,350.09,302.45,7.15,0.39,0.44,60,1,NASA_FIRMS,queimada,2026-06-04,2026,6,4,155,21005.399999999998,47.639999999999986,,,,
-4.583526535646257,-69.4318633561452,2026-03-24,0.0,0.0,0.0,0.0,0.0,0,0,GERADO,normal,2026-03-24,2026,3,24,83,0.0,0.0,,,,
6.1701144,37.2620697,2026-03-08,0.0,0.0,0.0,0.0,0.0,0,0,NASA_EONET,enchente,2026-03-08T20:00:00Z,2026,3,8,67,0.0,0.0,,,,
50.4025053,4.5762789,2026-05-29,0.0,0.0,0.0,0.0,0.0,0,0,NASA_EONET,enchente,2026-05-29T20:00:00Z,2026,5,29,149,0.0,0.0,,,,
48.0191362,-99.403103,2025-09-15,0.0,0.0,0.0,0.0,0.0,0,0,NASA_EONET,enchente,2025-09-15T08:00:00Z,2025,9,15,258,0.0,0.0,,,,
-29.71911,-58.52713,2026-06-04,352.51,275.97,13.39,0.77,0.77,60,1,NASA_FIRMS,queimada,2026-06-04,2026,6,4,155,21150.6,76.53999999999996,,,,
-20.2344,-40.22866,2026-06-02,326.97,297.63,2.7,0.49,0.4,30,1,NASA_FIRMS,queimada,2026-06-02,2026,6,2,153,9809.1,29.340000000000032,,,,
-12.32643,-47.89993,2026-06-02,346.25,296.31,7.09,0.39,0.59,60,1,NASA_FIRMS,queimada,2026-06-02,2026,6,2,153,20775.0,49.94,,,,
-18.53487,-58.58448,2026-06-03,342.76,304.53,22.24,0.39,0.36,60,1,NASA_FIRMS,queimada,2026-06-03,2026,6,3,154,20565.6,38.23000000000002,,,,
-5.359364137463984,-67.93042019663555,2025-05-17,0.0,0.0,0.0,0.0,0.0,0,0,GERADO,normal,2025-05-17,2025,5,17,137,0.0,0.0,,,,
-8.929286301790299,-70.59459979711235,2025-08-08,0.0,0.0,0.0,0.0,0.0,0,0,GERADO,normal,2025-08-08,2025,8,8,220,0.0,0.0,,,,
-27.566685274791656,-71.45107406608129,2025-01-24,0.0,0.0,0.0,0.0,0.0,0,0,GERADO,normal,2025-01-24,2025,1,24,24,0.0,0.0,,,,
-26.42792,-51.94925,2026-06-02,326.61,291.84,3.71,0.55,0.51,60,1,NASA_FIRMS,queimada,2026-06-02,2026,6,2,153,19596.600000000002,34.77000000000004,,,,
36.2770909,1.5235217,2026-02-03,0.0,0.0,0.0,0.0,0.0,0,0,NASA_EONET,enchente,2026-02-03T20:00:00Z,2026,2,3,34,0.0,0.0,,,,
-33.25717438676897,-58.83457316459,2026-06-16,0.0,0.0,0.0,0.0,0.0,0,0,GERADO,normal,2026-06-16,2026,6,16,167,0.0,0.0,,,,
-8.985216509842616,-39.90856661927017,2026-11-11,0.0,0.0,0.0,0.0,0.0,0,0,GERADO,normal,2026-11-11,2026,11,11,315,0.0,0.0,,,,
-27.9775122664882,-37.31035339020223,2025-01-05,0.0,0.0,0.0,0.0,0.0,0,0,GERADO,normal,2025-01-05,2025,1,5,5,0.0,0.0,,,,
-27.560512570036167,-44.71760480185237,2026-12-19,0.0,0.0,0.0,0.0,0.0,0,0,GERADO,normal,2026-12-19,2026,12,19,353,0.0,0.0,,,,
-28.624073395607557,-58.86467504991135,2024-08-03,0.0,0.0,0.0,0.0,0.0,0,0,GERADO,normal,2024-08-03,2024,8,3,216,0.0,0.0,,,,
0.9015824551813978,-41.42749621736749,2026-10-24,0.0,0.0,0.0,0.0,0.0,0,0,GERADO,normal,2026-10-24,2026,10,24,297,0.0,0.0,,,,
-17.023400726902953,-70.11030632105617,2026-06-06,0.0,0.0,0.0,0.0,0.0,0,0,GERADO,normal,2026-06-06,2026,6,6,157,0.0,0.0,,,,
49.1709788,-121.95255,2025-12-08,0.0,0.0,0.0,0.0,0.0,0,0,NASA_EONET,enchente,2025-12-08T20:00:00Z,2025,12,8,342,0.0,0.0,,,,
-25.73556623017855,-51.85834152538288,2025-07-23,0.0,0.0,0.0,0.0,0.0,0,0,GERADO,normal,2025-07-23,2025,7,23,204,0.0,0.0,,,,
34.4607687,45.863763,2025-12-07,0.0,0.0,0.0,0.0,0.0,0,0,NASA_EONET,enchente,2025-12-07T20:00:00Z,2025,12,7,341,0.0,0.0,,,,
-17.48715,-59.51526,2026-06-04,315.12,288.98,11.42,0.33,0.55,60,0,NASA_FIRMS,queimada,2026-06-04,2026,6,4,155,18907.2,26.139999999999986,,,,
37.145558,127.0667523,2025-07-15,0.0,0.0,0.0,0.0,0.0,0,0,NASA_EONET,enchente,2025-07-15T20:00:00Z,2025,7,15,196,0.0,0.0,,,,
37.4467396,42.8513576,2026-03-14,0.0,0.0,0.0,0.0,0.0,0,0,NASA_EONET,enchente,2026-03-14T20:00:00Z,2026,3,14,73,0.0,0.0,,,,
-19.926155405712507,-45.13505155077559,2025-11-23,0.0,0.0,0.0,0.0,0.0,0,0,GERADO,normal,2025-11-23,2025,11,23,327,0.0,0.0,,,,
-1.4457525874133097,-50.994690766801945,2025-12-31,0.0,0.0,0.0,0.0,0.0,0,0,GERADO,normal,2025-12-31,2025,12,31,365,0.0,0.0,,,,
3.004744689307508,-54.11921560535782,2026-12-30,0.0,0.0,0.0,0.0,0.0,0,0,GERADO,normal,2026-12-30,2026,12,30,364,0.0,0.0,,,,
12.1544035,-86.2737642,2025-09-27,0.0,0.0,0.0,0.0,0.0,0,0,NASA_EONET,enchente,2025-09-27T20:00:00Z,2025,9,27,270,0.0,0.0,,,,
-11.694166546026253,-45.28624270978063,2024-12-24,0.0,0.0,0.0,0.0,0.0,0,0,GERADO,normal,2024-12-24,2024,12,24,359,0.0,0.0,,,,
-14.2456,-53.26464,2026-06-03,342.09,302.64,7.7,0.39,0.44,60,1,NASA_FIRMS,queimada,2026-06-03,2026,6,3,154,20525.399999999998,39.44999999999999,,,,
-28.54970657581169,-73.60533970760419,2026-06-16,0.0,0.0,0.0,0.0,0.0,0,0,GERADO,normal,2026-06-16,2026,6,16,167,0.0,0.0,,,,
-32.709925,151.3266706,2025-08-01,0.0,0.0,0.0,0.0,0.0,0,0,NASA_EONET,enchente,2025-08-01T20:00:00Z,2025,8,1,213,0.0,0.0,,,,
-17.93636029974943,-65.62804485197363,2024-11-27,0.0,0.0,0.0,0.0,0.0,0,0,GERADO,normal,2024-11-27,2024,11,27,332,0.0,0.0,,,,
44.8349534,8.7450304,2025-09-20,0.0,0.0,0.0,0.0,0.0,0,0,NASA_EONET,enchente,2025-09-20T20:00:00Z,2025,9,20,263,0.0,0.0,,,,
-14.22535,-54.63052,2026-06-02,337.13,287.37,2.09,0.32,0.55,60,1,NASA_FIRMS,queimada,2026-06-02,2026,6,2,153,20227.8,49.75999999999999,,,,
8.74074955,-82.3853832001199,2025-10-04,0.0,0.0,0.0,0.0,0.0,0,0,NASA_EONET,enchente,2025-10-04T20:00:00Z,2025,10,4,277,0.0,0.0,,,,
13.7126863,-89.17374,2025-10-04,0.0,0.0,0.0,0.0,0.0,0,0,NASA_EONET,enchente,2025-10-04T20:00:00Z,2025,10,4,277,0.0,0.0,,,,
-9.818836239943488,-51.96324082503765,2024-11-22,0.0,0.0,0.0,0.0,0.0,0,0,GERADO,normal,2024-11-22,2024,11,22,327,0.0,0.0,,,,
4.876951515670847,-72.66943844347239,2026-05-19,0.0,0.0,0.0,0.0,0.0,0,0,GERADO,normal,2026-05-19,2026,5,19,139,0.0,0.0,,,,
-15.61221,-60.97708,2026-06-03,303.07,288.84,0.91,0.44,0.46,60,0,NASA_FIRMS,queimada,2026-06-03,2026,6,3,154,18184.2,14.230000000000018,,,,
-35.5075152,174.4629456,2026-03-24,0.0,0.0,0.0,0.0,0.0,0,0,NASA_EONET,enchente,2026-03-24T20:00:00Z,2026,3,24,83,0.0,0.0,,,,
40.4379858,70.6039542,2026-04-30,0.0,0.0,0.0,0.0,0.0,0,0,NASA_EONET,enchente,2026-04-30T20:00:00Z,2026,4,30,120,0.0,0.0,,,,
-11.262712739501405,-36.77461009896402,2026-09-30,0.0,0.0,0.0,0.0,0.0,0,0,GERADO,normal,2026-09-30,2026,9,30,273,0.0,0.0,,,,
-0.1642755427212847,-47.94692868959983,2024-05-19,0.0,0.0,0.0,0.0,0.0,0,0,GERADO,normal,2024-05-19,2024,5,19,140,0.0,0.0,,,,
35.66253,134.775418584544,2025-08-20,0.0,0.0,0.0,0.0,0.0,0,0,NASA_EONET,enchente,2025-08-20T20:00:00Z,2025,8,20,232,0.0,0.0,,,,
-10.59981,-53.47293,2026-06-03,344.6,303.71,7.24,0.43,0.46,60,1,NASA_FIRMS,queimada,2026-06-03,2026,6,3,154,20676.0,40.89000000000004,,,,
-28.13011169710398,-61.90482426358693,2026-05-15,0.0,0.0,0.0,0.0,0.0,0,0,GERADO,normal,2026-05-15,2026,5,15,135,0.0,0.0,,,,
-17.333333,-61.5,2025-12-12,0.0,0.0,0.0,0.0,0.0,0,0,NASA_EONET,enchente,2025-12-12T20:00:00Z,2025,12,12,346,0.0,0.0,,,,
-18.54977,-58.59546,2026-06-02,333.68,301.54,29.05,0.47,0.4,60,1,NASA_FIRMS,queimada,2026-06-02,2026,6,2,153,20020.8,32.139999999999986,,,,
-10.56947,-57.31863,2026-06-04,345.34,303.6,7.08,0.44,0.39,60,1,NASA_FIRMS,queimada,2026-06-04,2026,6,4,155,20720.399999999998,41.73999999999995,,,,
-29.08545,-58.55873,2026-06-03,331.38,278.98,3.45,0.47,0.4,60,1,NASA_FIRMS,queimada,2026-06-03,2026,6,3,154,19882.8,52.39999999999998,,,,
3.0094517653014137,-47.02704996540904,2025-10-27,0.0,0.0,0.0,0.0,0.0,0,0,GERADO,normal,2025-10-27,2025,10,27,300,0.0,0.0,,,,
-2.1065462,28.9186227,2025-08-27,0.0,0.0,0.0,0.0,0.0,0,0,NASA_EONET,enchente,2025-08-27T08:00:00Z,2025,8,27,239,0.0,0.0,,,,
1.1865963228710186,-45.61695920328522,2025-10-22,0.0,0.0,0.0,0.0,0.0,0,0,GERADO,normal,2025-10-22,2025,10,22,295,0.0,0.0,,,,
-8.010368059850869,-54.199641892728216,2025-07-26,0.0,0.0,0.0,0.0,0.0,0,0,GERADO,normal,2025-07-26,2025,7,26,207,0.0,0.0,,,,
5.356169095004475,-34.25115488875748,2026-02-21,0.0,0.0,0.0,0.0,0.0,0,0,GERADO,normal,2026-02-21,2026,2,21,52,0.0,0.0,,,,
-11.67222,-56.76582,2026-06-03,337.13,307.84,9.89,0.42,0.38,60,1,NASA_FIRMS,queimada,2026-06-03,2026,6,3,154,20227.8,29.29000000000002,,,,
-18.551829032580805,-43.69416649756021,2026-10-28,0.0,0.0,0.0,0.0,0.0,0,0,GERADO,normal,2026-10-28,2026,10,28,301,0.0,0.0,,,,
-21.905658123341176,-63.18407663771856,2024-11-27,0.0,0.0,0.0,0.0,0.0,0,0,GERADO,normal,2024-11-27,2024,11,27,332,0.0,0.0,,,,
-21.044335802473228,-70.04784865028425,2026-07-01,0.0,0.0,0.0,0.0,0.0,0,0,GERADO,normal,2026-07-01,2026,7,1,182,0.0,0.0,,,,
1.046393789334509,-65.90235578061474,2024-11-24,0.0,0.0,0.0,0.0,0.0,0,0,GERADO,normal,2024-11-24,2024,11,24,329,0.0,0.0,,,,
-23.4735288,29.3959199,2026-01-19,0.0,0.0,0.0,0.0,0.0,0,0,NASA_EONET,enchente,2026-01-19T07:00:00Z,2026,1,19,19,0.0,0.0,,,,
-8.24783,-39.13047,2026-06-02,338.54,307.07,3.14,0.38,0.36,60,1,NASA_FIRMS,queimada,2026-06-02,2026,6,2,153,20312.4,31.470000000000027,,,,
-26.7549708,-69.9049117,2026-02-21,0.0,0.0,0.0,0.0,0.0,0,0,NASA_EONET,enchente,2026-02-21T20:00:00Z,2026,2,21,52,0.0,0.0,,,,
-16.76203,-59.7284,2026-06-02,353.62,300.44,7.89,0.44,0.39,60,1,NASA_FIRMS,queimada,2026-06-02,2026,6,2,153,21217.2,53.18000000000001,,,,
0.6437488881560967,-70.2582026107933,2025-02-16,0.0,0.0,0.0,0.0,0.0,0,0,GERADO,normal,2025-02-16,2025,2,16,47,0.0,0.0,,,,
-10.92125,-49.95586,2026-06-04,333.29,300.35,5.23,0.54,0.42,60,1,NASA_FIRMS,queimada,2026-06-04,2026,6,4,155,19997.4,32.94,,,,
-15.52608016966387,-34.135547210179766,2025-07-21,0.0,0.0,0.0,0.0,0.0,0,0,GERADO,normal,2025-07-21,2025,7,21,202,0.0,0.0,,,,
24.7695434,121.0125368,2026-04-03,0.0,0.0,0.0,0.0,0.0,0,0,NASA_EONET,enchente,2026-04-03T20:00:00Z,2026,4,3,93,0.0,0.0,,,,
-3.817479467324013,-69.06616105313368,2024-11-10,0.0,0.0,0.0,0.0,0.0,0,0,GERADO,normal,2024-11-10,2024,11,10,315,0.0,0.0,,,,
-12.44767,-58.47116,2026-06-05,323.13,288.61,3.3,0.7,0.75,60,0,NASA_FIRMS,queimada,2026-06-05,2026,6,5,156,19387.8,34.51999999999998,,,,
-10.380147484778224,-65.327533880941,2024-11-15,0.0,0.0,0.0,0.0,0.0,0,0,GERADO,normal,2024-11-15,2024,11,15,320,0.0,0.0,,,,
-38.4303311,174.7786485,2025-10-12,0.0,0.0,0.0,0.0,0.0,0,0,NASA_EONET,enchente,2025-10-12T20:00:00Z,2025,10,12,285,0.0,0.0,,,,
-37.3299761,-71.6791766,2026-03-14,0.0,0.0,0.0,0.0,0.0,0,0,NASA_EONET,enchente,2026-03-14T20:00:00Z,2026,3,14,73,0.0,0.0,,,,
33.381189,69.682647,2025-06-26,0.0,0.0,0.0,0.0,0.0,0,0,NASA_EONET,enchente,2025-06-26T20:00:00Z,2025,6,26,177,0.0,0.0,,,,
-12.332634424412683,-35.25477394685181,2024-01-31,0.0,0.0,0.0,0.0,0.0,0,0,GERADO,normal,2024-01-31,2024,1,31,31,0.0,0.0,,,,
-28.143756307038128,-56.29135759060527,2025-07-04,0.0,0.0,0.0,0.0,0.0,0,0,GERADO,normal,2025-07-04,2025,7,4,185,0.0,0.0,,,,
4.4048536,-74.3872407,2026-04-16,0.0,0.0,0.0,0.0,0.0,0,0,NASA_EONET,enchente,2026-04-16T20:00:00Z,2026,4,16,106,0.0,0.0,,,,
-12.23142,-57.27544,2026-06-04,331.92,301.96,6.62,0.46,0.39,30,1,NASA_FIRMS,queimada,2026-06-04,2026,6,4,155,9957.6,29.960000000000036,,,,
32.2650776,-9.230554,2025-12-12,0.0,0.0,0.0,0.0,0.0,0,0,NASA_EONET,enchente,2025-12-12T20:00:00Z,2025,12,12,346,0.0,0.0,,,,
-11.295597296624766,-35.71241620258196,2025-04-03,0.0,0.0,0.0,0.0,0.0,0,0,GERADO,normal,2025-04-03,2025,4,3,93,0.0,0.0,,,,
-26.72265972843046,-65.88532692291373,2025-09-07,0.0,0.0,0.0,0.0,0.0,0,0,GERADO,normal,2025-09-07,2025,9,7,250,0.0,0.0,,,,
-8.55662,-61.50355,2026-06-03,334.07,291.11,4.44,0.41,0.37,60,1,NASA_FIRMS,queimada,2026-06-03,2026,6,3,154,20044.2,42.95999999999998,,,,
-22.97334,-59.79843,2026-06-03,329.66,302.29,3.3,0.46,0.39,60,1,NASA_FIRMS,queimada,2026-06-03,2026,6,3,154,19779.600000000002,27.370000000000005,,,,
0.3904881929736419,-36.51582810409512,2024-12-10,0.0,0.0,0.0,0.0,0.0,0,0,GERADO,normal,2024-12-10,2024,12,10,345,0.0,0.0,,,,
-20.53198623338806,-70.44608708691153,2024-01-22,0.0,0.0,0.0,0.0,0.0,0,0,GERADO,normal,2024-01-22,2024,1,22,22,0.0,0.0,,,,
37.0468862,35.2823275,2026-04-04,0.0,0.0,0.0,0.0,0.0,0,0,NASA_EONET,enchente,2026-04-04T20:00:00Z,2026,4,4,94,0.0,0.0,,,,
-28.78923,-59.34716,2026-06-04,332.53,290.98,8.76,0.63,0.54,60,1,NASA_FIRMS,queimada,2026-06-04,2026,6,4,155,19951.8,41.549999999999955,,,,
-6.75774,-45.00735,2026-06-03,303.11,287.61,2.0,0.6,0.53,60,0,NASA_FIRMS,queimada,2026-06-03,2026,6,3,154,18186.600000000002,15.5,,,,
-3.798897010116754,-37.67347171447093,2025-11-15,0.0,0.0,0.0,0.0,0.0,0,0,GERADO,normal,2025-11-15,2025,11,15,319,0.0,0.0,,,,
-5.99931,-35.3248,2026-06-02,333.15,294.89,5.82,0.54,0.42,60,1,NASA_FIRMS,queimada,2026-06-02,2026,6,2,153,19989.0,38.25999999999999,,,,
42.4249205,18.7713332,2026-02-14,0.0,0.0,0.0,0.0,0.0,0,0,NASA_EONET,enchente,2026-02-14T20:00:00Z,2026,2,14,45,0.0,0.0,,,,
-16.553523238615234,-63.44934220989055,2026-06-12,0.0,0.0,0.0,0.0,0.0,0,0,GERADO,normal,2026-06-12,2026,6,12,163,0.0,0.0,,,,
-34.6449937,-58.621014,2026-01-06,0.0,0.0,0.0,0.0,0.0,0,0,NASA_EONET,enchente,2026-01-06T20:00:00Z,2026,1,6,6,0.0,0.0,,,,
5.992427,100.4776159,2025-11-02,0.0,0.0,0.0,0.0,0.0,0,0,NASA_EONET,enchente,2025-11-02T20:00:00Z,2025,11,2,306,0.0,0.0,,,,
19.1114795,72.928021,2025-08-15,0.0,0.0,0.0,0.0,0.0,0,0,NASA_EONET,enchente,2025-08-15T20:00:00Z,2025,8,15,227,0.0,0.0,,,,
-16.80121,-54.17337,2026-06-04,307.67,292.43,0.85,0.48,0.4,60,0,NASA_FIRMS,queimada,2026-06-04,2026,6,4,155,18460.2,15.240000000000009,,,,
-27.75192094359176,-53.92836188386394,2024-02-22,0.0,0.0,0.0,0.0,0.0,0,0,GERADO,normal,2024-02-22,2024,2,22,53,0.0,0.0,,,,
5.9879555,124.6241575,2025-11-14,0.0,0.0,0.0,0.0,0.0,0,0,NASA_EONET,enchente,2025-11-14T20:00:00Z,2025,11,14,318,0.0,0.0,,,,
-2.3862510358382067,-47.723507479497385,2024-05-09,0.0,0.0,0.0,0.0,0.0,0,0,GERADO,normal,2024-05-09,2024,5,9,130,0.0,0.0,,,,
-36.8246517,174.4339345,2025-07-10,0.0,0.0,0.0,0.0,0.0,0,0,NASA_EONET,enchente,2025-07-10T20:00:00Z,2025,7,10,191,0.0,0.0,,,,
33.8892265,35.5025585,2025-11-23,0.0,0.0,0.0,0.0,0.0,0,0,NASA_EONET,enchente,2025-11-23T20:00:00Z,2025,11,23,327,0.0,0.0,,,,
-21.5565914,-45.4340674,2025-11-14,0.0,0.0,0.0,0.0,0.0,0,0,NASA_EONET,enchente,2025-11-14T20:00:00Z,2025,11,14,318,0.0,0.0,,,,
-7.763159684633557,-71.45096135673897,2026-05-22,0.0,0.0,0.0,0.0,0.0,0,0,GERADO,normal,2026-05-22,2026,5,22,142,0.0,0.0,,,,
-17.50201,-59.6318,2026-06-05,300.38,287.36,2.54,0.5,0.66,60,0,NASA_FIRMS,queimada,2026-06-05,2026,6,5,156,18022.8,13.019999999999982,,,,
-27.764707587743032,-41.20288076060917,2026-10-08,0.0,0.0,0.0,0.0,0.0,0,0,GERADO,normal,2026-10-08,2026,10,8,281,0.0,0.0,,,,
-10.85917,-53.73435,2026-06-04,336.23,302.1,2.89,0.39,0.36,60,1,NASA_FIRMS,queimada,2026-06-04,2026,6,4,155,20173.800000000003,34.129999999999995,,,,
-30.67327,-58.08468,2026-06-04,326.97,280.51,3.44,0.48,0.4,60,0,NASA_FIRMS,queimada,2026-06-04,2026,6,4,155,19618.2,46.460000000000036,,,,
-5.510577342755845,-71.87985367700317,2024-10-07,0.0,0.0,0.0,0.0,0.0,0,0,GERADO,normal,2024-10-07,2024,10,7,281,0.0,0.0,,,,
16.3293171,100.9552749,2025-08-14,0.0,0.0,0.0,0.0,0.0,0,0,NASA_EONET,enchente,2025-08-14T20:00:00Z,2025,8,14,226,0.0,0.0,,,,
-21.92756174493057,-66.01726308714406,2026-09-23,0.0,0.0,0.0,0.0,0.0,0,0,GERADO,normal,2026-09-23,2026,9,23,266,0.0,0.0,,,,
8.72751,17.5841771273318,2025-10-08,0.0,0.0,0.0,0.0,0.0,0,0,NASA_EONET,enchente,2025-10-08T05:00:00Z,2025,10,8,281,0.0,0.0,,,,
50.0661004,18.5941478,2026-06-02,0.0,0.0,0.0,0.0,0.0,0,0,NASA_EONET,enchente,2026-06-02T20:00:00Z,2026,6,2,153,0.0,0.0,,,,
-30.63814735857268,-61.57725023369616,2024-12-07,0.0,0.0,0.0,0.0,0.0,0,0,GERADO,normal,2024-12-07,2024,12,7,342,0.0,0.0,,,,
-17.52959,-53.68852,2026-06-02,367.0,305.7,16.12,0.32,0.55,90,1,NASA_FIRMS,queimada,2026-06-02,2026,6,2,153,33030.0,61.30000000000001,,,,
-16.50245,-59.84271,2026-06-03,296.87,279.92,0.63,0.54,0.42,60,0,NASA_FIRMS,queimada,2026-06-03,2026,6,3,154,17812.2,16.94999999999999,,,,
-34.1149201,18.8611267,2025-06-22,0.0,0.0,0.0,0.0,0.0,0,0,NASA_EONET,enchente,2025-06-22T20:00:00Z,2025,6,22,173,0.0,0.0,,,,
34.6713897,36.2601824,2026-01-11,0.0,0.0,0.0,0.0,0.0,0,0,NASA_EONET,enchente,2026-01-11T20:00:00Z,2026,1,11,11,0.0,0.0,,,,
-24.09386,-56.04248,2026-06-04,338.87,299.11,8.66,0.53,0.42,60,1,NASA_FIRMS,queimada,2026-06-04,2026,6,4,155,20332.2,39.75999999999999,,,,
4.8339551,-75.6713013,2025-09-25,0.0,0.0,0.0,0.0,0.0,0,0,NASA_EONET,enchente,2025-09-25T20:00:00Z,2025,9,25,268,0.0,0.0,,,,
-21.746939852754107,-37.95034080433802,2026-06-12,0.0,0.0,0.0,0.0,0.0,0,0,GERADO,normal,2026-06-12,2026,6,12,163,0.0,0.0,,,,
-11.061568663903309,-71.78138615127635,2026-08-06,0.0,0.0,0.0,0.0,0.0,0,0,GERADO,normal,2026-08-06,2026,8,6,218,0.0,0.0,,,,
-24.500584235000435,-40.96571765869861,2026-01-28,0.0,0.0,0.0,0.0,0.0,0,0,GERADO,normal,2026-01-28,2026,1,28,28,0.0,0.0,,,,
51.2641433,6.5446958,2025-09-07,0.0,0.0,0.0,0.0,0.0,0,0,NASA_EONET,enchente,2025-09-07T20:00:00Z,2025,9,7,250,0.0,0.0,,,,
-17.48785,-59.53806,2026-06-04,326.35,289.75,3.4,0.33,0.55,60,0,NASA_FIRMS,queimada,2026-06-04,2026,6,4,155,19581.0,36.60000000000002,,,,
18.8976936,103.0924793,2025-09-28,0.0,0.0,0.0,0.0,0.0,0,0,NASA_EONET,enchente,2025-09-28T20:00:00Z,2025,9,28,271,0.0,0.0,,,,
-12.43763,-58.39758,2026-06-04,314.42,289.3,1.91,0.34,0.56,60,0,NASA_FIRMS,queimada,2026-06-04,2026,6,4,155,18865.2,25.120000000000005,,,,
-17.644457286449253,-71.43349633341732,2026-12-11,0.0,0.0,0.0,0.0,0.0,0,0,GERADO,normal,2026-12-11,2026,12,11,345,0.0,0.0,,,,
-32.52318,-58.67736,2026-06-05,302.69,281.74,1.19,0.55,0.51,60,0,NASA_FIRMS,queimada,2026-06-05,2026,6,5,156,18161.4,20.94999999999999,,,,
42.3798793,20.4316226,2026-01-05,0.0,0.0,0.0,0.0,0.0,0,0,NASA_EONET,enchente,2026-01-05T20:00:00Z,2026,1,5,5,0.0,0.0,,,,
-14.09272,-58.88305,2026-06-04,330.4,288.6,1.63,0.34,0.56,60,0,NASA_FIRMS,queimada,2026-06-04,2026,6,4,155,19824.0,41.799999999999955,,,,
2.9697096112243813,-39.9375301571468,2025-04-15,0.0,0.0,0.0,0.0,0.0,0,0,GERADO,normal,2025-04-15,2025,4,15,105,0.0,0.0,,,,
12.983343,77.6046868,2026-04-28,0.0,0.0,0.0,0.0,0.0,0,0,NASA_EONET,enchente,2026-04-28T20:00:00Z,2026,4,28,118,0.0,0.0,,,,
-11.09028265,30.2905120115821,2026-02-19,0.0,0.0,0.0,0.0,0.0,0,0,NASA_EONET,enchente,2026-02-19T20:00:00Z,2026,2,19,50,0.0,0.0,,,,
48.6131806,19.1423663,2025-11-24,0.0,0.0,0.0,0.0,0.0,0,0,NASA_EONET,enchente,2025-11-24T20:00:00Z,2025,11,24,328,0.0,0.0,,,,
23.6677535,121.42491515,2025-09-22,0.0,0.0,0.0,0.0,0.0,0,0,NASA_EONET,enchente,2025-09-22T20:00:00Z,2025,9,22,265,0.0,0.0,,,,
0.7407633,34.1026752,2026-05-02,0.0,0.0,0.0,0.0,0.0,0,0,NASA_EONET,enchente,2026-05-02T20:00:00Z,2026,5,2,122,0.0,0.0,,,,
-26.11382,-54.25222,2026-06-04,346.68,300.35,8.66,0.46,0.39,60,1,NASA_FIRMS,queimada,2026-06-04,2026,6,4,155,20800.8,46.329999999999984,,,,
38.6422246,-9.1072662,2025-11-17,0.0,0.0,0.0,0.0,0.0,0,0,NASA_EONET,enchente,2025-11-17T08:00:00Z,2025,11,17,321,0.0,0.0,,,,
31.6653191,34.565044,2025-11-12,0.0,0.0,0.0,0.0,0.0,0,0,NASA_EONET,enchente,2025-11-12T20:00:00Z,2025,11,12,316,0.0,0.0,,,,
-0.120514690156547,-47.13284998870354,2026-06-30,0.0,0.0,0.0,0.0,0.0,0,0,GERADO,normal,2026-06-30,2026,6,30,181,0.0,0.0,,,,
-10.454467054742334,-68.02621102542864,2025-05-07,0.0,0.0,0.0,0.0,0.0,0,0,GERADO,normal,2025-05-07,2025,5,7,127,0.0,0.0,,,,
-5.079932854332345,-38.57559355365997,2024-07-04,0.0,0.0,0.0,0.0,0.0,0,0,GERADO,normal,2024-07-04,2024,7,4,186,0.0,0.0,,,,
43.3224219,-1.9838889,2025-10-16,0.0,0.0,0.0,0.0,0.0,0,0,NASA_EONET,enchente,2025-10-16T08:00:00Z,2025,10,16,289,0.0,0.0,,,,
-11.55803,-52.80939,2026-06-05,309.97,290.65,10.68,0.63,0.54,60,0,NASA_FIRMS,queimada,2026-06-05,2026,6,5,156,18598.2,19.32000000000005,,,,
-12.5790048,13.4037117,2026-03-27,0.0,0.0,0.0,0.0,0.0,0,0,NASA_EONET,enchente,2026-03-27T20:00:00Z,2026,3,27,86,0.0,0.0,,,,
-12.53458,-65.44341,2026-06-02,340.06,296.0,4.93,0.41,0.37,60,1,NASA_FIRMS,queimada,2026-06-02,2026,6,2,153,20403.6,44.06,,,,
-25.571851527090736,-56.56830430489157,2026-12-21,0.0,0.0,0.0,0.0,0.0,0,0,GERADO,normal,2026-12-21,2026,12,21,355,0.0,0.0,,,,
-19.97035,-44.09669,2026-06-03,297.56,286.62,0.94,0.51,0.66,60,0,NASA_FIRMS,queimada,2026-06-03,2026,6,3,154,17853.6,10.939999999999998,,,,
-25.425751708654023,-43.32565910122666,2024-07-24,0.0,0.0,0.0,0.0,0.0,0,0,GERADO,normal,2024-07-24,2024,7,24,206,0.0,0.0,,,,
-4.031830359733405,-69.14297673509098,2026-03-28,0.0,0.0,0.0,0.0,0.0,0,0,GERADO,normal,2026-03-28,2026,3,28,87,0.0,0.0,,,,
7.1082139,124.8233384,2025-10-16,0.0,0.0,0.0,0.0,0.0,0,0,NASA_EONET,enchente,2025-10-16T20:00:00Z,2025,10,16,289,0.0,0.0,,,,
-10.853585628720094,-36.76561424266858,2026-11-18,0.0,0.0,0.0,0.0,0.0,0,0,GERADO,normal,2026-11-18,2026,11,18,322,0.0,0.0,,,,
38.6562753,26.468795,2025-11-27,0.0,0.0,0.0,0.0,0.0,0,0,NASA_EONET,enchente,2025-11-27T20:00:00Z,2025,11,27,331,0.0,0.0,,,,
-5.738127365172097,-73.38670428907282,2025-10-24,0.0,0.0,0.0,0.0,0.0,0,0,GERADO,normal,2025-10-24,2025,10,24,297,0.0,0.0,,,,
5.642563754767068,-44.81035869667879,2025-07-25,0.0,0.0,0.0,0.0,0.0,0,0,GERADO,normal,2025-07-25,2025,7,25,206,0.0,0.0,,,,
-10.279304121546812,-39.19284849773396,2026-01-15,0.0,0.0,0.0,0.0,0.0,0,0,GERADO,normal,2026-01-15,2026,1,15,15,0.0,0.0,,,,
-19.78001,-48.00779,2026-06-02,332.43,297.85,3.45,0.65,0.73,60,1,NASA_FIRMS,queimada,2026-06-02,2026,6,2,153,19945.8,34.579999999999984,,,,
-21.100195455717035,-69.72886090982861,2024-03-13,0.0,0.0,0.0,0.0,0.0,0,0,GERADO,normal,2024-03-13,2024,3,13,73,0.0,0.0,,,,
-0.5532072683662292,-62.44686364543465,2026-08-02,0.0,0.0,0.0,0.0,0.0,0,0,GERADO,normal,2026-08-02,2026,8,2,214,0.0,0.0,,,,
-12.81798739427543,-52.38455966068896,2026-10-17,0.0,0.0,0.0,0.0,0.0,0,0,GERADO,normal,2026-10-17,2026,10,17,290,0.0,0.0,,,,
44.4361414,26.1027202,2025-10-01,0.0,0.0,0.0,0.0,0.0,0,0,NASA_EONET,enchente,2025-10-01T20:00:00Z,2025,10,1,274,0.0,0.0,,,,
53.4049183,23.4995562,2025-08-09,0.0,0.0,0.0,0.0,0.0,0,0,NASA_EONET,enchente,2025-08-09T20:00:00Z,2025,8,9,221,0.0,0.0,,,,
-13.61744,-47.44796,2026-06-02,367.0,294.29,5.81,0.38,0.58,90,1,NASA_FIRMS,queimada,2026-06-02,2026,6,2,153,33030.0,72.70999999999998,,,,
-12.64254362861402,-70.98113689687125,2026-11-10,0.0,0.0,0.0,0.0,0.0,0,0,GERADO,normal,2026-11-10,2026,11,10,314,0.0,0.0,,,,
3.0130318852275693,-61.81543707611049,2026-11-13,0.0,0.0,0.0,0.0,0.0,0,0,GERADO,normal,2026-11-13,2026,11,13,317,0.0,0.0,,,,
-18.39997,-51.45709,2026-06-03,342.48,307.84,7.87,0.43,0.46,60,1,NASA_FIRMS,queimada,2026-06-03,2026,6,3,154,20548.800000000003,34.64000000000004,,,,
0.6225929543675122,-47.14287445598906,2024-07-19,0.0,0.0,0.0,0.0,0.0,0,0,GERADO,normal,2024-07-19,2024,7,19,201,0.0,0.0,,,,
25.911744,93.721703,2025-07-04,0.0,0.0,0.0,0.0,0.0,0,0,NASA_EONET,enchente,2025-07-04T20:00:00Z,2025,7,4,185,0.0,0.0,,,,
-7.6977397,112.4914199,2025-11-16,0.0,0.0,0.0,0.0,0.0,0,0,NASA_EONET,enchente,2025-11-16T20:00:00Z,2025,11,16,320,0.0,0.0,,,,
-2.289274428700395,-44.24628854162211,2024-02-06,0.0,0.0,0.0,0.0,0.0,0,0,GERADO,normal,2024-02-06,2024,2,6,37,0.0,0.0,,,,
18.0241677,-77.8480102,2025-10-27,0.0,0.0,0.0,0.0,0.0,0,0,NASA_EONET,enchente,2025-10-27T20:00:00Z,2025,10,27,300,0.0,0.0,,,,
0.5603831121417571,-39.29475411142161,2026-10-11,0.0,0.0,0.0,0.0,0.0,0,0,GERADO,normal,2026-10-11,2026,10,11,284,0.0,0.0,,,,
-7.6977397,112.4914199,2026-03-01,0.0,0.0,0.0,0.0,0.0,0,0,NASA_EONET,enchente,2026-03-01T20:00:00Z,2026,3,1,60,0.0,0.0,,,,
-16.18695,-58.46387,2026-06-04,341.32,301.83,17.83,0.39,0.44,60,1,NASA_FIRMS,queimada,2026-06-04,2026,6,4,155,20479.2,39.49000000000001,,,,
-2.936931383987087,-40.164174028694816,2025-03-28,0.0,0.0,0.0,0.0,0.0,0,0,GERADO,normal,2025-03-28,2025,3,28,87,0.0,0.0,,,,
1.9781330115482805,-61.59493522221929,2025-08-25,0.0,0.0,0.0,0.0,0.0,0,0,GERADO,normal,2025-08-25,2025,8,25,237,0.0,0.0,,,,
-22.7592175,-43.4508728,2026-02-02,0.0,0.0,0.0,0.0,0.0,0,0,NASA_EONET,enchente,2026-02-02T20:00:00Z,2026,2,2,33,0.0,0.0,,,,
19.9781573,105.4816107,2025-09-26,0.0,0.0,0.0,0.0,0.0,0,0,NASA_EONET,enchente,2025-09-26T20:00:00Z,2025,9,26,269,0.0,0.0,,,,
-9.9111,-38.46881,2026-06-02,332.23,281.71,7.63,0.39,0.36,60,1,NASA_FIRMS,queimada,2026-06-02,2026,6,2,153,19933.800000000003,50.52000000000004,,,,
-28.70692519963911,-71.05160860964821,2024-10-08,0.0,0.0,0.0,0.0,0.0,0,0,GERADO,normal,2024-10-08,2024,10,8,282,0.0,0.0,,,,
-5.279730886746158,-72.64101211642691,2025-02-27,0.0,0.0,0.0,0.0,0.0,0,0,GERADO,normal,2025-02-27,2025,2,27,58,0.0,0.0,,,,
-14.08368,-59.37784,2026-06-03,306.17,268.8,1.62,0.56,0.43,60,0,NASA_FIRMS,queimada,2026-06-03,2026,6,3,154,18370.2,37.370000000000005,,,,
46.177002,7.802516,2025-06-29,0.0,0.0,0.0,0.0,0.0,0,0,NASA_EONET,enchente,2025-06-29T20:00:00Z,2025,6,29,180,0.0,0.0,,,,
-16.18179,-58.47649,2026-06-03,355.39,304.94,11.18,0.39,0.36,60,1,NASA_FIRMS,queimada,2026-06-03,2026,6,3,154,21323.399999999998,50.44999999999999,,,,
-26.55058,-57.24089,2026-06-03,337.55,296.55,4.62,0.4,0.37,60,1,NASA_FIRMS,queimada,2026-06-03,2026,6,3,154,20253.0,41.0,,,,
-16.65896,-59.64634,2026-06-03,323.37,290.91,2.58,0.53,0.42,60,0,NASA_FIRMS,queimada,2026-06-03,2026,6,3,154,19402.2,32.45999999999998,,,,
-8.082576531256919,-38.13757445659736,2024-01-05,0.0,0.0,0.0,0.0,0.0,0,0,GERADO,normal,2024-01-05,2024,1,5,5,0.0,0.0,,,,
3.152033924304625,-59.55118439043707,2024-11-20,0.0,0.0,0.0,0.0,0.0,0,0,GERADO,normal,2024-11-20,2024,11,20,325,0.0,0.0,,,,
-26.17691,-54.37161,2026-06-03,333.06,295.49,3.88,0.39,0.36,60,1,NASA_FIRMS,queimada,2026-06-03,2026,6,3,154,19983.6,37.56999999999999,,,,
52.1152245,8.6711118,2025-07-15,0.0,0.0,0.0,0.0,0.0,0,0,NASA_EONET,enchente,2025-07-15T20:00:00Z,2025,7,15,196,0.0,0.0,,,,
-16.60296,-58.24429,2026-06-03,335.93,305.53,5.98,0.38,0.36,60,1,NASA_FIRMS,queimada,2026-06-03,2026,6,3,154,20155.8,30.400000000000034,,,,
14.3189468,100.5111681,2025-09-14,0.0,0.0,0.0,0.0,0.0,0,0,NASA_EONET,enchente,2025-09-14T20:00:00Z,2025,9,14,257,0.0,0.0,,,,
43.0535329,17.6499111,2025-08-28,0.0,0.0,0.0,0.0,0.0,0,0,NASA_EONET,enchente,2025-08-28T20:00:00Z,2025,8,28,240,0.0,0.0,,,,
-22.96084,-52.69855,2026-06-03,305.44,284.24,1.02,0.49,0.41,60,0,NASA_FIRMS,queimada,2026-06-03,2026,6,3,154,18326.4,21.19999999999999,,,,
-25.94731413818053,-57.25385411535368,2025-09-15,0.0,0.0,0.0,0.0,0.0,0,0,GERADO,normal,2025-09-15,2025,9,15,258,0.0,0.0,,,,
41.6383547,2.4033771,2026-03-05,0.0,0.0,0.0,0.0,0.0,0,0,NASA_EONET,enchente,2026-03-05T20:00:00Z,2026,3,5,64,0.0,0.0,,,,
-12.316627707177112,-70.32603749868765,2024-04-04,0.0,0.0,0.0,0.0,0.0,0,0,GERADO,normal,2024-04-04,2024,4,4,95,0.0,0.0,,,,
-28.59906,-56.3657,2026-06-02,331.31,291.25,3.64,0.45,0.39,60,1,NASA_FIRMS,queimada,2026-06-02,2026,6,2,153,19878.6,40.06,,,,
10.9061819,123.376775036043,2026-01-30,0.0,0.0,0.0,0.0,0.0,0,0,NASA_EONET,enchente,2026-01-30T20:00:00Z,2026,1,30,30,0.0,0.0,,,,
-18.37095,-59.06538,2026-06-05,299.94,288.16,1.57,0.58,0.7,60,0,NASA_FIRMS,queimada,2026-06-05,2026,6,5,156,17996.4,11.779999999999973,,,,
41.82117845,46.1558015979245,2025-09-25,0.0,0.0,0.0,0.0,0.0,0,0,NASA_EONET,enchente,2025-09-25T20:00:00Z,2025,9,25,268,0.0,0.0,,,,
15.2363802,32.4944014,2025-09-28,0.0,0.0,0.0,0.0,0.0,0,0,NASA_EONET,enchente,2025-09-28T20:00:00Z,2025,9,28,271,0.0,0.0,,,,
5.112720001393171,-49.28629128841939,2024-03-07,0.0,0.0,0.0,0.0,0.0,0,0,GERADO,normal,2024-03-07,2024,3,7,67,0.0,0.0,,,,
14.3189468,100.5111681,2025-11-21,0.0,0.0,0.0,0.0,0.0,0,0,NASA_EONET,enchente,2025-11-21T09:00:00Z,2025,11,21,325,0.0,0.0,,,,
-12.3149,-47.89952,2026-06-02,354.62,296.23,6.72,0.39,0.59,60,1,NASA_FIRMS,queimada,2026-06-02,2026,6,2,153,21277.2,58.389999999999986,,,,
-12.73408,-54.2039,2026-06-04,307.67,291.55,1.27,0.55,0.43,60,0,NASA_FIRMS,queimada,2026-06-04,2026,6,4,155,18460.2,16.120000000000005,,,,
-17.99434779850298,-64.9390410622598,2024-10-22,0.0,0.0,0.0,0.0,0.0,0,0,GERADO,normal,2024-10-22,2024,10,22,296,0.0,0.0,,,,
-1.3026148,36.828842,2026-03-04,0.0,0.0,0.0,0.0,0.0,0,0,NASA_EONET,enchente,2026-03-04T20:00:00Z,2026,3,4,63,0.0,0.0,,,,
-16.18382,-58.47914,2026-06-04,305.49,290.15,4.63,0.59,0.53,60,0,NASA_FIRMS,queimada,2026-06-04,2026,6,4,155,18329.4,15.340000000000032,,,,
-21.33239,-61.04655,2026-06-04,305.44,289.23,1.52,0.34,0.56,60,0,NASA_FIRMS,queimada,2026-06-04,2026,6,4,155,18326.4,16.20999999999998,,,,
-18.54718,-58.59781,2026-06-03,353.32,314.8,24.23,0.39,0.36,60,1,NASA_FIRMS,queimada,2026-06-03,2026,6,3,154,21199.2,38.51999999999998,,,,
17.38793115,-94.9094973063052,2025-08-05,0.0,0.0,0.0,0.0,0.0,0,0,NASA_EONET,enchente,2025-08-05T20:00:00Z,2025,8,5,217,0.0,0.0,,,,
31.0,72.0,2025-07-17,0.0,0.0,0.0,0.0,0.0,0,0,NASA_EONET,enchente,2025-07-17T09:00:00Z,2025,7,17,198,0.0,0.0,,,,
43.1865373,20.5999223,2025-11-05,0.0,0.0,0.0,0.0,0.0,0,0,NASA_EONET,enchente,2025-11-05T20:00:00Z,2025,11,5,309,0.0,0.0,,,,
-10.93749,-46.94013,2026-06-05,318.71,291.32,1.26,0.44,0.38,60,0,NASA_FIRMS,queimada,2026-06-05,2026,6,5,156,19122.6,27.389999999999986,,,,
-17.49021,-59.51247,2026-06-05,316.15,289.0,5.11,0.65,0.73,60,0,NASA_FIRMS,queimada,2026-06-05,2026,6,5,156,18969.0,27.149999999999977,,,,
44.69891,23.683459,2026-05-21,0.0,0.0,0.0,0.0,0.0,0,0,NASA_EONET,enchente,2026-05-21T20:00:00Z,2026,5,21,141,0.0,0.0,,,,
-9.248490400663115,-42.55262072524722,2024-12-29,0.0,0.0,0.0,0.0,0.0,0,0,GERADO,normal,2024-12-29,2024,12,29,364,0.0,0.0,,,,
-2.49566855,25.9520292407438,2026-02-21,0.0,0.0,0.0,0.0,0.0,0,0,NASA_EONET,enchente,2026-02-21T20:00:00Z,2026,2,21,52,0.0,0.0,,,,
-16.52927,-59.29079,2026-06-03,300.83,282.27,0.62,0.51,0.41,60,0,NASA_FIRMS,queimada,2026-06-03,2026,6,3,154,18049.8,18.560000000000002,,,,
-20.457096835011672,-59.37856675912264,2024-02-14,0.0,0.0,0.0,0.0,0.0,0,0,GERADO,normal,2024-02-14,2024,2,14,45,0.0,0.0,,,,
-17.50682,-59.62391,2026-06-05,316.82,287.82,2.76,0.66,0.73,60,0,NASA_FIRMS,queimada,2026-06-05,2026,6,5,156,19009.2,29.0,,,,
-15.88717285723884,-38.93381931254965,2026-03-22,0.0,0.0,0.0,0.0,0.0,0,0,GERADO,normal,2026-03-22,2026,3,22,81,0.0,0.0,,,,
8.5365118,126.1206907,2026-02-18,0.0,0.0,0.0,0.0,0.0,0,0,NASA_EONET,enchente,2026-02-18T20:00:00Z,2026,2,18,49,0.0,0.0,,,,
45.5703694,9.7732524,2026-06-01,0.0,0.0,0.0,0.0,0.0,0,0,NASA_EONET,enchente,2026-06-01T20:00:00Z,2026,6,1,152,0.0,0.0,,,,
-10.400103804795233,-69.33674203998503,2024-12-10,0.0,0.0,0.0,0.0,0.0,0,0,GERADO,normal,2024-12-10,2024,12,10,345,0.0,0.0,,,,
-19.56366205650019,-55.75060528000611,2026-11-03,0.0,0.0,0.0,0.0,0.0,0,0,GERADO,normal,2026-11-03,2026,11,3,307,0.0,0.0,,,,
-17.4865,-59.53576,2026-06-05,316.85,288.6,3.27,0.51,0.66,60,0,NASA_FIRMS,queimada,2026-06-05,2026,6,5,156,19011.0,28.25,,,,
-23.8259783,-56.5207034,2025-12-11,0.0,0.0,0.0,0.0,0.0,0,0,NASA_EONET,enchente,2025-12-11T20:00:00Z,2025,12,11,345,0.0,0.0,,,,
-29.45819,-61.01312,2026-06-04,339.19,283.71,41.84,0.4,0.6,60,1,NASA_FIRMS,queimada,2026-06-04,2026,6,4,155,20351.4,55.48000000000002,,,,
43.0570991,11.6072307,2026-05-04,0.0,0.0,0.0,0.0,0.0,0,0,NASA_EONET,enchente,2026-05-04T20:00:00Z,2026,5,4,124,0.0,0.0,,,,
-12.5416072,33.0395655,2026-01-09,0.0,0.0,0.0,0.0,0.0,0,0,NASA_EONET,enchente,2026-01-09T09:00:00Z,2026,1,9,9,0.0,0.0,,,,
-7.259635192621996,-46.44869835187143,2025-03-14,0.0,0.0,0.0,0.0,0.0,0,0,GERADO,normal,2025-03-14,2025,3,14,73,0.0,0.0,,,,
-13.565399962581992,-56.983034604201166,2026-01-05,0.0,0.0,0.0,0.0,0.0,0,0,GERADO,normal,2026-01-05,2026,1,5,5,0.0,0.0,,,,
-9.640288953208508,-58.94762316577996,2026-07-22,0.0,0.0,0.0,0.0,0.0,0,0,GERADO,normal,2026-07-22,2026,7,22,203,0.0,0.0,,,,
-10.92194,-46.90736,2026-06-04,335.28,296.17,5.07,0.56,0.52,60,1,NASA_FIRMS,queimada,2026-06-04,2026,6,4,155,20116.8,39.10999999999996,,,,
-9.07962,-50.61669,2026-06-05,331.09,291.9,2.49,0.49,0.49,60,0,NASA_FIRMS,queimada,2026-06-05,2026,6,5,156,19865.399999999998,39.19,,,,
-5.6666671,143.916667,2025-10-29,0.0,0.0,0.0,0.0,0.0,0,0,NASA_EONET,enchente,2025-10-29T20:00:00Z,2025,10,29,302,0.0,0.0,,,,
-11.60043,-55.3418,2026-06-05,307.65,289.83,2.32,0.46,0.63,60,0,NASA_FIRMS,queimada,2026-06-05,2026,6,5,156,18459.0,17.819999999999993,,,,
-10.03093,-59.34973,2026-06-02,332.18,302.27,7.05,0.57,0.43,30,1,NASA_FIRMS,queimada,2026-06-02,2026,6,2,153,9965.4,29.910000000000025,,,,
39.0750538,-85.387185,2026-05-18,0.0,0.0,0.0,0.0,0.0,0,0,NASA_EONET,enchente,2026-05-18T20:00:00Z,2026,5,18,138,0.0,0.0,,,,
-18.53999,-58.59459,2026-06-03,367.0,298.53,11.7,0.44,0.39,90,0,NASA_FIRMS,queimada,2026-06-03,2026,6,3,154,33030.0,68.47000000000003,,,,
55.1930197,30.2070437,2025-07-25,0.0,0.0,0.0,0.0,0.0,0,0,NASA_EONET,enchente,2025-07-25T20:00:00Z,2025,7,25,206,0.0,0.0,,,,
49.986708,3.4547638,2025-07-17,0.0,0.0,0.0,0.0,0.0,0,0,NASA_EONET,enchente,2025-07-17T20:00:00Z,2025,7,17,198,0.0,0.0,,,,
-6.376152536262115,-40.976032064039,2026-01-09,0.0,0.0,0.0,0.0,0.0,0,0,GERADO,normal,2026-01-09,2026,1,9,9,0.0,0.0,,,,
5.0763734,115.5494493,2026-02-11,0.0,0.0,0.0,0.0,0.0,0,0,NASA_EONET,enchente,2026-02-11T20:00:00Z,2026,2,11,42,0.0,0.0,,,,
-1.7438952448779688,-35.38804287083131,2026-09-24,0.0,0.0,0.0,0.0,0.0,0,0,GERADO,normal,2026-09-24,2026,9,24,267,0.0,0.0,,,,
-10.75062,-49.91235,2026-06-02,351.25,297.76,22.87,0.5,0.66,60,1,NASA_FIRMS,queimada,2026-06-02,2026,6,2,153,21075.0,53.49000000000001,,,,
1.2267098929687776,-65.80339851177094,2026-04-15,0.0,0.0,0.0,0.0,0.0,0,0,GERADO,normal,2026-04-15,2026,4,15,105,0.0,0.0,,,,
-28.77159,-57.64982,2026-06-02,326.37,292.52,8.35,0.41,0.37,60,1,NASA_FIRMS,queimada,2026-06-02,2026,6,2,153,19582.2,33.85000000000002,,,,
-29.12986,-58.61179,2026-06-03,341.44,282.51,11.16,0.48,0.4,60,1,NASA_FIRMS,queimada,2026-06-03,2026,6,3,154,20486.4,58.93000000000001,,,,
10.4614338,-67.0806217,2025-08-16,0.0,0.0,0.0,0.0,0.0,0,0,NASA_EONET,enchente,2025-08-16T20:00:00Z,2025,8,16,228,0.0,0.0,,,,
-15.77849,-49.44043,2026-06-04,351.81,306.27,15.15,0.5,0.41,60,1,NASA_FIRMS,queimada,2026-06-04,2026,6,4,155,21108.6,45.54000000000002,,,,
44.9332277,4.8920811,2025-11-13,0.0,0.0,0.0,0.0,0.0,0,0,NASA_EONET,enchente,2025-11-13T20:00:00Z,2025,11,13,317,0.0,0.0,,,,
-28.68899,-56.50283,2026-06-03,344.0,311.78,23.92,0.4,0.37,60,1,NASA_FIRMS,queimada,2026-06-03,2026,6,3,154,20640.0,32.22000000000003,,,,
52.0799838,4.3113461,2025-08-28,0.0,0.0,0.0,0.0,0.0,0,0,NASA_EONET,enchente,2025-08-28T20:00:00Z,2025,8,28,240,0.0,0.0,,,,
40.3698536,49.9538852,2026-03-26,0.0,0.0,0.0,0.0,0.0,0,0,NASA_EONET,enchente,2026-03-26T20:00:00Z,2026,3,26,85,0.0,0.0,,,,
-1.01315687108562,-55.51355200364714,2026-01-30,0.0,0.0,0.0,0.0,0.0,0,0,GERADO,normal,2026-01-30,2026,1,30,30,0.0,0.0,,,,
-16.14502,-61.50673,2026-06-02,350.02,294.24,4.0,0.4,0.37,60,1,NASA_FIRMS,queimada,2026-06-02,2026,6,2,153,21001.199999999997,55.77999999999997,,,,
-4.3196982,15.3424196,2025-11-14,0.0,0.0,0.0,0.0,0.0,0,0,NASA_EONET,enchente,2025-11-14T08:00:00Z,2025,11,14,318,0.0,0.0,,,,
0.4116976173370119,-57.71343476750604,2026-02-24,0.0,0.0,0.0,0.0,0.0,0,0,GERADO,normal,2026-02-24,2026,2,24,55,0.0,0.0,,,,
45.2015369,6.6728169,2025-06-29,0.0,0.0,0.0,0.0,0.0,0,0,NASA_EONET,enchente,2025-06-29T20:00:00Z,2025,6,29,180,0.0,0.0,,,,
13.6862758530016,-89.1927099724799,2025-06-30,0.0,0.0,0.0,0.0,0.0,0,0,NASA_EONET,enchente,2025-06-30T20:00:00Z,2025,6,30,181,0.0,0.0,,,,
-13.57785,-65.2165,2026-06-04,336.69,293.65,8.3,0.5,0.66,60,1,NASA_FIRMS,queimada,2026-06-04,2026,6,4,155,20201.4,43.04000000000002,,,,
0.1740263343887633,-69.85258232863406,2024-01-26,0.0,0.0,0.0,0.0,0.0,0,0,GERADO,normal,2024-01-26,2024,1,26,26,0.0,0.0,,,,
-15.257973806810764,-41.98545770631832,2025-09-29,0.0,0.0,0.0,0.0,0.0,0,0,GERADO,normal,2025-09-29,2025,9,29,272,0.0,0.0,,,,
14.225024,-90.4757481,2025-10-11,0.0,0.0,0.0,0.0,0.0,0,0,NASA_EONET,enchente,2025-10-11T20:00:00Z,2025,10,11,284,0.0,0.0,,,,
-22.81399,-56.54672,2026-06-03,346.94,298.8,4.51,0.38,0.36,60,1,NASA_FIRMS,queimada,2026-06-03,2026,6,3,154,20816.4,48.139999999999986,,,,
-29.355,30.5263889,2025-11-22,0.0,0.0,0.0,0.0,0.0,0,0,NASA_EONET,enchente,2025-11-22T20:00:00Z,2025,11,22,326,0.0,0.0,,,,
0.4498737927917347,-49.11439599497143,2026-07-06,0.0,0.0,0.0,0.0,0.0,0,0,GERADO,normal,2026-07-06,2026,7,6,187,0.0,0.0,,,,
-10.020797508025623,-65.19913710426198,2024-02-02,0.0,0.0,0.0,0.0,0.0,0,0,GERADO,normal,2024-02-02,2024,2,2,33,0.0,0.0,,,,
-9.59873921670605,-64.47466091282148,2026-04-20,0.0,0.0,0.0,0.0,0.0,0,0,GERADO,normal,2026-04-20,2026,4,20,110,0.0,0.0,,,,
-3.75429155,-77.9181529113869,2025-06-30,0.0,0.0,0.0,0.0,0.0,0,0,NASA_EONET,enchente,2025-06-30T20:00:00Z,2025,6,30,181,0.0,0.0,,,,
48.575888,0.0448794208800976,2025-07-17,0.0,0.0,0.0,0.0,0.0,0,0,NASA_EONET,enchente,2025-07-17T20:00:00Z,2025,7,17,198,0.0,0.0,,,,
-18.9441,-66.33966,2026-06-04,367.0,293.8,22.63,0.69,0.74,90,1,NASA_FIRMS,queimada,2026-06-04,2026,6,4,155,33030.0,73.19999999999999,,,,
-19.123665005584392,-47.15595234097866,2024-02-15,0.0,0.0,0.0,0.0,0.0,0,0,GERADO,normal,2024-02-15,2024,2,15,46,0.0,0.0,,,,
-21.42315159278233,-49.05138941203714,2026-05-23,0.0,0.0,0.0,0.0,0.0,0,0,GERADO,normal,2026-05-23,2026,5,23,143,0.0,0.0,,,,
-11.33021,-51.3941,2026-06-04,349.91,305.39,7.19,0.45,0.39,60,1,NASA_FIRMS,queimada,2026-06-04,2026,6,4,155,20994.600000000002,44.52000000000004,,,,
-25.24336360258706,-56.93795156947262,2025-06-03,0.0,0.0,0.0,0.0,0.0,0,0,GERADO,normal,2025-06-03,2025,6,3,154,0.0,0.0,,,,
-3.4055866,29.1375509,2026-03-18,0.0,0.0,0.0,0.0,0.0,0,0,NASA_EONET,enchente,2026-03-18T20:00:00Z,2026,3,18,77,0.0,0.0,,,,
-23.1537,-61.29642,2026-06-03,318.98,290.78,8.53,0.52,0.41,60,0,NASA_FIRMS,queimada,2026-06-03,2026,6,3,154,19138.800000000003,28.200000000000045,,,,
38.29825005,141.014893484113,2025-09-30,0.0,0.0,0.0,0.0,0.0,0,0,NASA_EONET,enchente,2025-09-30T20:00:00Z,2025,9,30,273,0.0,0.0,,,,
-26.78693068569517,-52.708970914317824,2024-11-21,0.0,0.0,0.0,0.0,0.0,0,0,GERADO,normal,2024-11-21,2024,11,21,326,0.0,0.0,,,,
-10.22085,-37.03058,2026-06-02,331.59,298.38,2.65,0.41,0.37,60,1,NASA_FIRMS,queimada,2026-06-02,2026,6,2,153,19895.399999999998,33.20999999999998,,,,
-16.54881,-59.27942,2026-06-04,312.05,289.21,0.79,0.33,0.55,60,0,NASA_FIRMS,queimada,2026-06-04,2026,6,4,155,18723.0,22.840000000000032,,,,
-8.57367,-45.998,2026-06-03,331.85,293.88,4.67,0.54,0.68,60,1,NASA_FIRMS,queimada,2026-06-03,2026,6,3,154,19911.0,37.97000000000003,,,,
3.552557653523856,-67.0115672697541,2024-09-20,0.0,0.0,0.0,0.0,0.0,0,0,GERADO,normal,2024-09-20,2024,9,20,264,0.0,0.0,,,,
-22.2444,-60.48687,2026-06-04,328.81,298.55,4.07,0.63,0.54,60,1,NASA_FIRMS,queimada,2026-06-04,2026,6,4,155,19728.6,30.25999999999999,,,,
11.6614957,108.1335279,2025-08-30,0.0,0.0,0.0,0.0,0.0,0,0,NASA_EONET,enchente,2025-08-30T20:00:00Z,2025,8,30,242,0.0,0.0,,,,
1.8889826903614024,-60.98605756537032,2026-10-29,0.0,0.0,0.0,0.0,0.0,0,0,GERADO,normal,2026-10-29,2026,10,29,302,0.0,0.0,,,,
-33.87581081626964,-58.154152278577484,2025-01-24,0.0,0.0,0.0,0.0,0.0,0,0,GERADO,normal,2025-01-24,2025,1,24,24,0.0,0.0,,,,
-25.72232669262425,-47.09331274586128,2024-02-29,0.0,0.0,0.0,0.0,0.0,0,0,GERADO,normal,2024-02-29,2024,2,29,60,0.0,0.0,,,,
-11.57241,-56.34419,2026-06-03,315.63,288.23,1.51,0.43,0.38,60,0,NASA_FIRMS,queimada,2026-06-03,2026,6,3,154,18937.8,27.399999999999977,,,,
-9.41632,-48.28281,2026-06-03,338.5,290.31,7.44,0.78,0.78,60,1,NASA_FIRMS,queimada,2026-06-03,2026,6,3,154,20310.0,48.19,,,,
-14.15395,-53.98793,2026-06-02,332.17,299.11,2.46,0.36,0.57,60,1,NASA_FIRMS,queimada,2026-06-02,2026,6,2,153,19930.2,33.06,,,,
-6.25714745967371,-51.56838295348085,2024-03-23,0.0,0.0,0.0,0.0,0.0,0,0,GERADO,normal,2024-03-23,2024,3,23,83,0.0,0.0,,,,
-11.447042934023273,-47.849383067815175,2025-06-20,0.0,0.0,0.0,0.0,0.0,0,0,GERADO,normal,2025-06-20,2025,6,20,171,0.0,0.0,,,,
-33.95257038607351,-37.21899311175224,2025-11-17,0.0,0.0,0.0,0.0,0.0,0,0,GERADO,normal,2025-11-17,2025,11,17,321,0.0,0.0,,,,
-12.18977915595248,-37.07055996177438,2024-05-23,0.0,0.0,0.0,0.0,0.0,0,0,GERADO,normal,2024-05-23,2024,5,23,144,0.0,0.0,,,,
-30.968133705197054,-51.32454300528647,2024-10-30,0.0,0.0,0.0,0.0,0.0,0,0,GERADO,normal,2024-10-30,2024,10,30,304,0.0,0.0,,,,
-9.5220548,-75.9520429,2026-02-02,0.0,0.0,0.0,0.0,0.0,0,0,NASA_EONET,enchente,2026-02-02T20:00:00Z,2026,2,2,33,0.0,0.0,,,,
16.3293171,100.9552749,2026-05-12,0.0,0.0,0.0,0.0,0.0,0,0,NASA_EONET,enchente,2026-05-12T20:00:00Z,2026,5,12,132,0.0,0.0,,,,
14.1419291,44.1389849,2025-07-15,0.0,0.0,0.0,0.0,0.0,0,0,NASA_EONET,enchente,2025-07-15T20:00:00Z,2025,7,15,196,0.0,0.0,,,,
19.4662005,95.6019621,2025-08-23,0.0,0.0,0.0,0.0,0.0,0,0,NASA_EONET,enchente,2025-08-23T20:00:00Z,2025,8,23,235,0.0,0.0,,,,
31.806353,35.1088651,2026-01-11,0.0,0.0,0.0,0.0,0.0,0,0,NASA_EONET,enchente,2026-01-11T20:00:00Z,2026,1,11,11,0.0,0.0,,,,
-26.31064,-54.08665,2026-06-04,330.89,294.76,2.89,0.46,0.39,60,1,NASA_FIRMS,queimada,2026-06-04,2026,6,4,155,19853.399999999998,36.129999999999995,,,,
6.6191395,124.748923,2026-05-12,0.0,0.0,0.0,0.0,0.0,0,0,NASA_EONET,enchente,2026-05-12T20:00:00Z,2026,5,12,132,0.0,0.0,,,,
-13.143265952217522,-44.77058125054553,2026-09-04,0.0,0.0,0.0,0.0,0.0,0,0,GERADO,normal,2026-09-04,2026,9,4,247,0.0,0.0,,,,
-18.99568,-40.28764,2026-06-02,333.18,296.8,3.95,0.48,0.4,60,1,NASA_FIRMS,queimada,2026-06-02,2026,6,2,153,19990.8,36.379999999999995,,,,
-4.892652468152541,-58.90420565440377,2025-11-22,0.0,0.0,0.0,0.0,0.0,0,0,GERADO,normal,2025-11-22,2025,11,22,326,0.0,0.0,,,,
-29.936901158080172,-44.75196814110156,2025-12-05,0.0,0.0,0.0,0.0,0.0,0,0,GERADO,normal,2025-12-05,2025,12,5,339,0.0,0.0,,,,
-27.7544581,29.932561,2025-11-08,0.0,0.0,0.0,0.0,0.0,0,0,NASA_EONET,enchente,2025-11-08T20:00:00Z,2025,11,8,312,0.0,0.0,,,,
7.0673313,-73.8525627,2025-10-11,0.0,0.0,0.0,0.0,0.0,0,0,NASA_EONET,enchente,2025-10-11T20:00:00Z,2025,10,11,284,0.0,0.0,,,,
-0.4087296042333079,-66.19383785327929,2025-07-27,0.0,0.0,0.0,0.0,0.0,0,0,GERADO,normal,2025-07-27,2025,7,27,208,0.0,0.0,,,,
5.806671067884352,-46.24486787278848,2024-06-12,0.0,0.0,0.0,0.0,0.0,0,0,GERADO,normal,2024-06-12,2024,6,12,164,0.0,0.0,,,,
-35.389444,174.3424747,2026-01-16,0.0,0.0,0.0,0.0,0.0,0,0,NASA_EONET,enchente,2026-01-16T20:00:00Z,2026,1,16,16,0.0,0.0,,,,
-11.83582,-49.43522,2026-06-05,305.59,289.27,0.83,0.57,0.43,60,0,NASA_FIRMS,queimada,2026-06-05,2026,6,5,156,18335.399999999998,16.319999999999993,,,,
-30.59754642596952,-43.29421981889881,2025-10-22,0.0,0.0,0.0,0.0,0.0,0,0,GERADO,normal,2025-10-22,2025,10,22,295,0.0,0.0,,,,
-24.321710846486685,-68.61665382393463,2025-04-19,0.0,0.0,0.0,0.0,0.0,0,0,GERADO,normal,2025-04-19,2025,4,19,109,0.0,0.0,,,,
-12.52188,-65.9399,2026-06-02,352.0,301.54,59.44,0.43,0.38,60,1,NASA_FIRMS,queimada,2026-06-02,2026,6,2,153,21120.0,50.45999999999998,,,,
-3.4055866,29.1375509,2026-04-30,0.0,0.0,0.0,0.0,0.0,0,0,NASA_EONET,enchente,2026-04-30T20:00:00Z,2026,4,30,120,0.0,0.0,,,,
0.3683828090696224,-51.52775119465991,2026-07-26,0.0,0.0,0.0,0.0,0.0,0,0,GERADO,normal,2026-07-26,2026,7,26,207,0.0,0.0,,,,
-22.037942977506248,-50.95373440251329,2024-07-27,0.0,0.0,0.0,0.0,0.0,0,0,GERADO,normal,2024-07-27,2024,7,27,209,0.0,0.0,,,,
33.3076683,126.6907475,2026-05-24,0.0,0.0,0.0,0.0,0.0,0,0,NASA_EONET,enchente,2026-05-24T20:00:00Z,2026,5,24,144,0.0,0.0,,,,
-21.79072,-61.73155,2026-06-05,308.9,288.99,2.55,0.41,0.61,60,0,NASA_FIRMS,queimada,2026-06-05,2026,6,5,156,18534.0,19.909999999999968,,,,
-11.16654,-49.2457,2026-06-04,313.92,292.56,2.1,0.38,0.36,60,0,NASA_FIRMS,queimada,2026-06-04,2026,6,4,155,18835.2,21.360000000000014,,,,
-17.48112,-59.4988,2026-06-03,338.45,306.72,4.12,0.41,0.37,60,1,NASA_FIRMS,queimada,2026-06-03,2026,6,3,154,20307.0,31.72999999999996,,,,
50.75,-3.75,2026-01-29,0.0,0.0,0.0,0.0,0.0,0,0,NASA_EONET,enchente,2026-01-29T08:00:00Z,2026,1,29,29,0.0,0.0,,,,
-22.71169843527928,-38.739907659384926,2024-09-03,0.0,0.0,0.0,0.0,0.0,0,0,GERADO,normal,2024-09-03,2024,9,3,247,0.0,0.0,,,,
-26.8303703,-65.2038133,2026-02-20,0.0,0.0,0.0,0.0,0.0,0,0,NASA_EONET,enchente,2026-02-20T20:00:00Z,2026,2,20,51,0.0,0.0,,,,
-12.076931756907108,-34.86552096210857,2024-09-10,0.0,0.0,0.0,0.0,0.0,0,0,GERADO,normal,2024-09-10,2024,9,10,254,0.0,0.0,,,,
16.0,26.0,2025-07-13,0.0,0.0,0.0,0.0,0.0,0,0,NASA_EONET,enchente,2025-07-13T20:00:00Z,2025,7,13,194,0.0,0.0,,,,
-16.47275,-59.34983,2026-06-05,300.72,288.64,1.05,0.66,0.73,60,0,NASA_FIRMS,queimada,2026-06-05,2026,6,5,156,18043.2,12.080000000000041,,,,
-14.43821,-59.22915,2026-06-03,334.99,307.91,2.2,0.39,0.36,30,1,NASA_FIRMS,queimada,2026-06-03,2026,6,3,154,10049.7,27.079999999999984,,,,
-12.11994096949324,-50.58472892969616,2025-05-21,0.0,0.0,0.0,0.0,0.0,0,0,GERADO,normal,2025-05-21,2025,5,21,141,0.0,0.0,,,,
35.8294,127.1342,2025-09-04,0.0,0.0,0.0,0.0,0.0,0,0,NASA_EONET,enchente,2025-09-04T20:00:00Z,2025,9,4,247,0.0,0.0,,,,
4.30969,-70.32435,2026-06-02,330.05,292.72,2.66,0.45,0.39,60,1,NASA_FIRMS,queimada,2026-06-02,2026,6,2,153,19803.0,37.329999999999984,,,,
-9.88729,-52.44191,2026-06-03,304.76,291.91,1.11,0.39,0.37,60,0,NASA_FIRMS,queimada,2026-06-03,2026,6,3,154,18285.6,12.849999999999966,,,,
-12.17049,-59.75588,2026-06-04,346.37,302.21,12.17,0.42,0.45,60,1,NASA_FIRMS,queimada,2026-06-04,2026,6,4,155,20782.2,44.160000000000025,,,,
46.4843023,30.7322878,2025-09-29,0.0,0.0,0.0,0.0,0.0,0,0,NASA_EONET,enchente,2025-09-29T20:00:00Z,2025,9,29,272,0.0,0.0,,,,
-11.214874700878587,-54.985085994675465,2024-10-24,0.0,0.0,0.0,0.0,0.0,0,0,GERADO,normal,2024-10-24,2024,10,24,298,0.0,0.0,,,,
16.3316709,-61.3476233,2025-10-08,0.0,0.0,0.0,0.0,0.0,0,0,NASA_EONET,enchente,2025-10-08T20:00:00Z,2025,10,8,281,0.0,0.0,,,,
-14.24899,-53.26031,2026-06-03,338.03,302.64,4.59,0.39,0.44,60,1,NASA_FIRMS,queimada,2026-06-03,2026,6,3,154,20281.8,35.389999999999986,,,,
47.3269772,28.2215511,2026-05-20,0.0,0.0,0.0,0.0,0.0,0,0,NASA_EONET,enchente,2026-05-20T20:00:00Z,2026,5,20,140,0.0,0.0,,,,
28.8004955,-81.6446961,2025-10-26,0.0,0.0,0.0,0.0,0.0,0,0,NASA_EONET,enchente,2025-10-26T20:00:00Z,2025,10,26,299,0.0,0.0,,,,
-1.5327802,39.5503242709742,2026-05-02,0.0,0.0,0.0,0.0,0.0,0,0,NASA_EONET,enchente,2026-05-02T20:00:00Z,2026,5,2,122,0.0,0.0,,,,
40.7419202,107.3819572,2025-08-15,0.0,0.0,0.0,0.0,0.0,0,0,NASA_EONET,enchente,2025-08-15T20:00:00Z,2025,8,15,227,0.0,0.0,,,,
-50.0143718,-68.5368198,2025-12-19,0.0,0.0,0.0,0.0,0.0,0,0,NASA_EONET,enchente,2025-12-19T20:00:00Z,2025,12,19,353,0.0,0.0,,,,
-16.18365,-61.13426,2026-06-05,303.69,287.85,1.12,0.39,0.59,60,0,NASA_FIRMS,queimada,2026-06-05,2026,6,5,156,18221.4,15.839999999999975,,,,
-8.507146043348143,-54.22194259246335,2026-11-29,0.0,0.0,0.0,0.0,0.0,0,0,GERADO,normal,2026-11-29,2026,11,29,333,0.0,0.0,,,,
-9.226043446826182,-49.06893386538104,2026-06-05,0.0,0.0,0.0,0.0,0.0,0,0,GERADO,normal,2026-06-05,2026,6,5,156,0.0,0.0,,,,
-16.47204,-59.82951,2026-06-02,350.37,299.28,10.45,0.44,0.39,60,1,NASA_FIRMS,queimada,2026-06-02,2026,6,2,153,21022.2,51.09000000000003,,,,
13.6989939,-89.1914249,2025-09-20,0.0,0.0,0.0,0.0,0.0,0,0,NASA_EONET,enchente,2025-09-20T20:00:00Z,2025,9,20,263,0.0,0.0,,,,
-29.70371,-51.72876,2026-06-03,327.64,293.03,2.73,0.43,0.38,60,1,NASA_FIRMS,queimada,2026-06-03,2026,6,3,154,19658.399999999998,34.610000000000014,,,,
-10.81078,-54.18292,2026-06-03,335.26,298.81,3.95,0.39,0.44,60,1,NASA_FIRMS,queimada,2026-06-03,2026,6,3,154,20115.6,36.44999999999999,,,,
-12.55329,-57.18932,2026-06-03,355.54,309.18,8.36,0.4,0.37,60,1,NASA_FIRMS,queimada,2026-06-03,2026,6,3,154,21332.4,46.360000000000014,,,,
40.465627,17.735612,2026-01-03,0.0,0.0,0.0,0.0,0.0,0,0,NASA_EONET,enchente,2026-01-03T20:00:00Z,2026,1,3,3,0.0,0.0,,,,
-19.34275862446671,-51.54276702774128,2025-08-30,0.0,0.0,0.0,0.0,0.0,0,0,GERADO,normal,2025-08-30,2025,8,30,242,0.0,0.0,,,,
25.6802019,-100.315258,2026-05-06,0.0,0.0,0.0,0.0,0.0,0,0,NASA_EONET,enchente,2026-05-06T20:00:00Z,2026,5,6,126,0.0,0.0,,,,
-3.382962154346643,-64.3827340191758,2026-12-20,0.0,0.0,0.0,0.0,0.0,0,0,GERADO,normal,2026-12-20,2026,12,20,354,0.0,0.0,,,,
36.5265392,32.084418,2026-02-06,0.0,0.0,0.0,0.0,0.0,0,0,NASA_EONET,enchente,2026-02-06T20:00:00Z,2026,2,6,37,0.0,0.0,,,,
-6.291207123175592,-48.831102796124085,2025-03-05,0.0,0.0,0.0,0.0,0.0,0,0,GERADO,normal,2025-03-05,2025,3,5,64,0.0,0.0,,,,
38.6876194,27.0059936,2025-10-22,0.0,0.0,0.0,0.0,0.0,0,0,NASA_EONET,enchente,2025-10-22T20:00:00Z,2025,10,22,295,0.0,0.0,,,,
1.5195776,110.935784,2026-01-25,0.0,0.0,0.0,0.0,0.0,0,0,NASA_EONET,enchente,2026-01-25T20:00:00Z,2026,1,25,25,0.0,0.0,,,,
-33.131404167480255,-48.25374200215036,2025-02-23,0.0,0.0,0.0,0.0,0.0,0,0,GERADO,normal,2025-02-23,2025,2,23,54,0.0,0.0,,,,
-10.85997,-53.74963,2026-06-03,338.56,305.83,5.3,0.41,0.45,60,1,NASA_FIRMS,queimada,2026-06-03,2026,6,3,154,20313.6,32.73000000000002,,,,
-14.41689651565823,-56.02971528642595,2026-11-12,0.0,0.0,0.0,0.0,0.0,0,0,GERADO,normal,2026-11-12,2026,11,12,316,0.0,0.0,,,,
-8.87908,-48.49883,2026-06-03,302.89,289.06,1.19,0.57,0.43,60,0,NASA_FIRMS,queimada,2026-06-03,2026,6,3,154,18173.399999999998,13.829999999999984,,,,
-12.43796,-58.48239,2026-06-05,317.53,288.31,3.5,0.7,0.75,60,0,NASA_FIRMS,queimada,2026-06-05,2026,6,5,156,19051.8,29.21999999999997,,,,
-24.52382,-60.63483,2026-06-04,341.25,298.75,3.3,0.34,0.56,60,1,NASA_FIRMS,queimada,2026-06-04,2026,6,4,155,20475.0,42.5,,,,
42.3605437,1.4518976,2025-08-17,0.0,0.0,0.0,0.0,0.0,0,0,NASA_EONET,enchente,2025-08-17T20:00:00Z,2025,8,17,229,0.0,0.0,,,,
50.938361,6.959974,2026-05-28,0.0,0.0,0.0,0.0,0.0,0,0,NASA_EONET,enchente,2026-05-28T20:00:00Z,2026,5,28,148,0.0,0.0,,,,
-6.071122638129385,-70.83560831430512,2025-01-24,0.0,0.0,0.0,0.0,0.0,0,0,GERADO,normal,2025-01-24,2025,1,24,24,0.0,0.0,,,,
-29.96494,-61.28143,2026-06-02,330.79,289.69,2.91,0.41,0.37,60,1,NASA_FIRMS,queimada,2026-06-02,2026,6,2,153,19847.4,41.10000000000002,,,,
19.7589517,99.6734592,2025-06-25,0.0,0.0,0.0,0.0,0.0,0,0,NASA_EONET,enchente,2025-06-25T20:00:00Z,2025,6,25,176,0.0,0.0,,,,
-21.32695,-61.04008,2026-06-05,299.34,288.54,1.43,0.66,0.73,60,0,NASA_FIRMS,queimada,2026-06-05,2026,6,5,156,17960.399999999998,10.799999999999955,,,,
-10.75119,-49.91705,2026-06-02,355.95,299.07,19.0,0.5,0.66,60,1,NASA_FIRMS,queimada,2026-06-02,2026,6,2,153,21357.0,56.879999999999995,,,,
42.8155165,24.9073116,2026-05-21,0.0,0.0,0.0,0.0,0.0,0,0,NASA_EONET,enchente,2026-05-21T20:00:00Z,2026,5,21,141,0.0,0.0,,,,
27.742109,77.7392703087543,2025-11-19,0.0,0.0,0.0,0.0,0.0,0,0,NASA_EONET,enchente,2025-11-19T08:00:00Z,2025,11,19,323,0.0,0.0,,,,
19.2000001,109.5999999,2025-06-14,0.0,0.0,0.0,0.0,0.0,0,0,NASA_EONET,enchente,2025-06-14T20:00:00Z,2025,6,14,165,0.0,0.0,,,,
-7.846755207637372,-50.03731833684074,2026-03-19,0.0,0.0,0.0,0.0,0.0,0,0,GERADO,normal,2026-03-19,2026,3,19,78,0.0,0.0,,,,
-6.634921033121948,-70.09493828932044,2024-10-04,0.0,0.0,0.0,0.0,0.0,0,0,GERADO,normal,2024-10-04,2024,10,4,278,0.0,0.0,,,,
-12.0777922,-75.1825683739876,2026-03-27,0.0,0.0,0.0,0.0,0.0,0,0,NASA_EONET,enchente,2026-03-27T20:00:00Z,2026,3,27,86,0.0,0.0,,,,
3.639091136237539,-40.19684326884013,2024-03-04,0.0,0.0,0.0,0.0,0.0,0,0,GERADO,normal,2024-03-04,2024,3,4,64,0.0,0.0,,,,
45.6800342,14.3195439,2025-08-28,0.0,0.0,0.0,0.0,0.0,0,0,NASA_EONET,enchente,2025-08-28T20:00:00Z,2025,8,28,240,0.0,0.0,,,,
-28.368583079367955,-73.68336616016892,2025-07-22,0.0,0.0,0.0,0.0,0.0,0,0,GERADO,normal,2025-07-22,2025,7,22,203,0.0,0.0,,,,
-18.27847,-60.81454,2026-06-03,327.12,301.45,2.9,0.46,0.39,60,1,NASA_FIRMS,queimada,2026-06-03,2026,6,3,154,19627.2,25.670000000000016,,,,
-10.59811,-53.47696,2026-06-04,356.5,308.4,14.69,0.39,0.36,60,1,NASA_FIRMS,queimada,2026-06-04,2026,6,4,155,21390.0,48.10000000000002,,,,
-27.64771,-56.11142,2026-06-04,342.88,297.71,11.41,0.4,0.44,60,1,NASA_FIRMS,queimada,2026-06-04,2026,6,4,155,20572.8,45.170000000000016,,,,
-17.27009,-52.25336,2026-06-04,345.5,308.63,3.36,0.39,0.36,60,1,NASA_FIRMS,queimada,2026-06-04,2026,6,4,155,20730.0,36.870000000000005,,,,
1.4498880628575392,-61.99546461408262,2024-04-29,0.0,0.0,0.0,0.0,0.0,0,0,GERADO,normal,2024-04-29,2024,4,29,120,0.0,0.0,,,,
-16.680882,-49.2532691,2025-09-22,0.0,0.0,0.0,0.0,0.0,0,0,NASA_EONET,enchente,2025-09-22T20:00:00Z,2025,9,22,265,0.0,0.0,,,,
4.786717933834225,-47.10514067821464,2026-02-26,0.0,0.0,0.0,0.0,0.0,0,0,GERADO,normal,2026-02-26,2026,2,26,57,0.0,0.0,,,,
-7.44896,-36.79831,2026-06-02,346.86,305.62,8.67,0.44,0.38,60,1,NASA_FIRMS,queimada,2026-06-02,2026,6,2,153,20811.600000000002,41.24000000000001,,,,
4.3635118,18.5835913,2025-08-10,0.0,0.0,0.0,0.0,0.0,0,0,NASA_EONET,enchente,2025-08-10T20:00:00Z,2025,8,10,222,0.0,0.0,,,,
13.0611195,5.3152203,2025-07-22,0.0,0.0,0.0,0.0,0.0,0,0,NASA_EONET,enchente,2025-07-22T20:00:00Z,2025,7,22,203,0.0,0.0,,,,
53.4152353,-7.9665952,2025-12-10,0.0,0.0,0.0,0.0,0.0,0,0,NASA_EONET,enchente,2025-12-10T08:00:00Z,2025,12,10,344,0.0,0.0,,,,
-20.864369611035293,-62.311417956337145,2025-06-27,0.0,0.0,0.0,0.0,0.0,0,0,GERADO,normal,2025-06-27,2025,6,27,178,0.0,0.0,,,,
-31.89552194122708,-57.00117470966727,2026-02-11,0.0,0.0,0.0,0.0,0.0,0,0,GERADO,normal,2026-02-11,2026,2,11,42,0.0,0.0,,,,
-31.63247994429176,-72.17779002768638,2025-04-16,0.0,0.0,0.0,0.0,0.0,0,0,GERADO,normal,2025-04-16,2025,4,16,106,0.0,0.0,,,,
-11.56196,-47.24775,2026-06-04,333.01,294.92,13.66,0.52,0.5,60,1,NASA_FIRMS,queimada,2026-06-04,2026,6,4,155,19980.6,38.089999999999975,,,,
37.1433762,42.6822907,2025-11-14,0.0,0.0,0.0,0.0,0.0,0,0,NASA_EONET,enchente,2025-11-14T20:00:00Z,2025,11,14,318,0.0,0.0,,,,
14.1386319,-87.2814139,2025-09-16,0.0,0.0,0.0,0.0,0.0,0,0,NASA_EONET,enchente,2025-09-16T20:00:00Z,2025,9,16,259,0.0,0.0,,,,
34.999218,-5.898724,2026-01-27,0.0,0.0,0.0,0.0,0.0,0,0,NASA_EONET,enchente,2026-01-27T20:00:00Z,2026,1,27,27,0.0,0.0,,,,
-32.33192713673992,-43.2812207206474,2024-08-18,0.0,0.0,0.0,0.0,0.0,0,0,GERADO,normal,2024-08-18,2024,8,18,231,0.0,0.0,,,,
-16.50252,-59.83699,2026-06-02,328.81,300.28,2.28,0.44,0.39,30,1,NASA_FIRMS,queimada,2026-06-02,2026,6,2,153,9864.3,28.53000000000003,,,,
-16.65764,-59.65316,2026-06-04,303.89,289.91,0.56,0.34,0.56,60,0,NASA_FIRMS,queimada,2026-06-04,2026,6,4,155,18233.399999999998,13.979999999999961,,,,
41.3085496,-4.9150256,2025-07-03,0.0,0.0,0.0,0.0,0.0,0,0,NASA_EONET,enchente,2025-07-03T20:00:00Z,2025,7,3,184,0.0,0.0,,,,
30.6580927,-97.6041649,2025-07-02,0.0,0.0,0.0,0.0,0.0,0,0,NASA_EONET,enchente,2025-07-02T20:00:00Z,2025,7,2,183,0.0,0.0,,,,
-27.68237,-56.08588,2026-06-04,336.9,297.26,3.48,0.39,0.44,60,1,NASA_FIRMS,queimada,2026-06-04,2026,6,4,155,20214.0,39.639999999999986,,,,
0.2645111715439725,-63.20376070822245,2026-11-11,0.0,0.0,0.0,0.0,0.0,0,0,GERADO,normal,2026-11-11,2026,11,11,315,0.0,0.0,,,,
-2.1873007,115.3973987,2025-12-07,0.0,0.0,0.0,0.0,0.0,0,0,NASA_EONET,enchente,2025-12-07T20:00:00Z,2025,12,7,341,0.0,0.0,,,,
6.8303904,125.397072559113,2025-08-10,0.0,0.0,0.0,0.0,0.0,0,0,NASA_EONET,enchente,2025-08-10T20:00:00Z,2025,8,10,222,0.0,0.0,,,,
33.95807,5.70112623043929,2025-10-15,0.0,0.0,0.0,0.0,0.0,0,0,NASA_EONET,enchente,2025-10-15T20:00:00Z,2025,10,15,288,0.0,0.0,,,,
42.703969,27.8100651,2025-10-02,0.0,0.0,0.0,0.0,0.0,0,0,NASA_EONET,enchente,2025-10-02T20:00:00Z,2025,10,2,275,0.0,0.0,,,,
-18.40129,-51.45703,2026-06-04,337.38,309.7,6.26,0.39,0.37,60,1,NASA_FIRMS,queimada,2026-06-04,2026,6,4,155,20242.8,27.680000000000007,,,,
-6.793983581987444,-39.63460303737047,2025-11-28,0.0,0.0,0.0,0.0,0.0,0,0,GERADO,normal,2025-11-28,2025,11,28,332,0.0,0.0,,,,
2.547643177762019,-45.18623963595653,2024-04-17,0.0,0.0,0.0,0.0,0.0,0,0,GERADO,normal,2024-04-17,2024,4,17,108,0.0,0.0,,,,
-3.29689585,28.1674007633668,2025-10-07,0.0,0.0,0.0,0.0,0.0,0,0,NASA_EONET,enchente,2025-10-07T20:00:00Z,2025,10,7,280,0.0,0.0,,,,
36.2770909,1.5235217,2026-03-04,0.0,0.0,0.0,0.0,0.0,0,0,NASA_EONET,enchente,2026-03-04T20:00:00Z,2026,3,4,63,0.0,0.0,,,,
-28.37460269805849,-34.77748543866097,2024-11-12,0.0,0.0,0.0,0.0,0.0,0,0,GERADO,normal,2024-11-12,2024,11,12,317,0.0,0.0,,,,
25.1222567,90.3395618,2026-05-12,0.0,0.0,0.0,0.0,0.0,0,0,NASA_EONET,enchente,2026-05-12T20:00:00Z,2026,5,12,132,0.0,0.0,,,,
-28.693255954006908,-70.0102988951158,2024-05-15,0.0,0.0,0.0,0.0,0.0,0,0,GERADO,normal,2024-05-15,2024,5,15,136,0.0,0.0,,,,
-10.65426933642408,-41.409938200947536,2024-07-07,0.0,0.0,0.0,0.0,0.0,0,0,GERADO,normal,2024-07-07,2024,7,7,189,0.0,0.0,,,,
-4.327354984146574,-51.13502787995431,2025-02-18,0.0,0.0,0.0,0.0,0.0,0,0,GERADO,normal,2025-02-18,2025,2,18,49,0.0,0.0,,,,
-22.49585,-44.51699,2026-06-05,315.76,286.82,1.25,0.43,0.38,60,0,NASA_FIRMS,queimada,2026-06-05,2026,6,5,156,18945.6,28.939999999999998,,,,
-36.3789925,-60.3855889,2026-05-07,0.0,0.0,0.0,0.0,0.0,0,0,NASA_EONET,enchente,2026-05-07T20:00:00Z,2026,5,7,127,0.0,0.0,,,,
-25.32834,-42.69183,2026-06-03,298.97,278.56,1.62,0.39,0.59,60,0,NASA_FIRMS,queimada,2026-06-03,2026,6,3,154,17938.2,20.410000000000025,,,,
12.8286689,-11.8769786,2025-09-30,0.0,0.0,0.0,0.0,0.0,0,0,NASA_EONET,enchente,2025-09-30T20:00:00Z,2025,9,30,273,0.0,0.0,,,,
-10.6223,-50.08954,2026-06-04,350.29,300.24,7.74,0.54,0.42,60,1,NASA_FIRMS,queimada,2026-06-04,2026,6,4,155,21017.4,50.05000000000001,,,,
-15.94853,-61.84134,2026-06-05,295.43,283.58,0.82,0.34,0.56,60,0,NASA_FIRMS,queimada,2026-06-05,2026,6,5,156,17725.8,11.850000000000023,,,,
-23.52857,-55.66883,2026-06-04,330.32,295.97,6.18,0.5,0.41,60,1,NASA_FIRMS,queimada,2026-06-04,2026,6,4,155,19819.2,34.349999999999966,,,,
-1.2857355238250463,-58.86931550072077,2024-03-23,0.0,0.0,0.0,0.0,0.0,0,0,GERADO,normal,2024-03-23,2024,3,23,83,0.0,0.0,,,,
20.9670759,-89.6237402,2026-05-26,0.0,0.0,0.0,0.0,0.0,0,0,NASA_EONET,enchente,2026-05-26T20:00:00Z,2026,5,26,146,0.0,0.0,,,,
-12.341203764988869,-62.45194438991183,2025-06-12,0.0,0.0,0.0,0.0,0.0,0,0,GERADO,normal,2025-06-12,2025,6,12,163,0.0,0.0,,,,
-12.73803,-54.72939,2026-06-04,354.32,302.99,4.3,0.39,0.36,60,1,NASA_FIRMS,queimada,2026-06-04,2026,6,4,155,21259.2,51.329999999999984,,,,
2.528263256044646,-70.25853000769222,2025-03-09,0.0,0.0,0.0,0.0,0.0,0,0,GERADO,normal,2025-03-09,2025,3,9,68,0.0,0.0,,,,
-6.31942,-47.57123,2026-06-04,349.53,295.47,10.17,0.61,0.53,60,1,NASA_FIRMS,queimada,2026-06-04,2026,6,4,155,20971.8,54.059999999999945,,,,
-5.065603894694792,-52.04233402837599,2026-12-16,0.0,0.0,0.0,0.0,0.0,0,0,GERADO,normal,2026-12-16,2026,12,16,350,0.0,0.0,,,,
-25.674960444881776,-71.97276458148616,2025-03-31,0.0,0.0,0.0,0.0,0.0,0,0,GERADO,normal,2025-03-31,2025,3,31,90,0.0,0.0,,,,
38.0211951,32.5224943,2025-07-31,0.0,0.0,0.0,0.0,0.0,0,0,NASA_EONET,enchente,2025-07-31T20:00:00Z,2025,7,31,212,0.0,0.0,,,,
11.6614957,108.1335279,2026-05-22,0.0,0.0,0.0,0.0,0.0,0,0,NASA_EONET,enchente,2026-05-22T20:00:00Z,2026,5,22,142,0.0,0.0,,,,
48.4489382,1.4580047,2025-08-18,0.0,0.0,0.0,0.0,0.0,0,0,NASA_EONET,enchente,2025-08-18T20:00:00Z,2025,8,18,230,0.0,0.0,,,,
42.8260906,47.1219624,2026-03-26,0.0,0.0,0.0,0.0,0.0,0,0,NASA_EONET,enchente,2026-03-26T20:00:00Z,2026,3,26,85,0.0,0.0,,,,
44.0131786,20.9196353,2025-11-27,0.0,0.0,0.0,0.0,0.0,0,0,NASA_EONET,enchente,2025-11-27T20:00:00Z,2025,11,27,331,0.0,0.0,,,,
42.0068297,20.9728556,2025-10-25,0.0,0.0,0.0,0.0,0.0,0,0,NASA_EONET,enchente,2025-10-25T20:00:00Z,2025,10,25,298,0.0,0.0,,,,
-18.56809,-58.61193,2026-06-03,300.38,290.3,0.88,0.44,0.39,60,0,NASA_FIRMS,queimada,2026-06-03,2026,6,3,154,18022.8,10.079999999999984,,,,
-24.5428,-42.46701,2026-06-04,343.71,290.52,7.85,0.6,0.53,60,1,NASA_FIRMS,queimada,2026-06-04,2026,6,4,155,20622.6,53.19,,,,
-22.08389,-39.83057,2026-06-03,320.63,290.5,2.55,0.61,0.53,60,0,NASA_FIRMS,queimada,2026-06-03,2026,6,3,154,19237.8,30.129999999999995,,,,
20.3700559,-76.4272225,2025-10-27,0.0,0.0,0.0,0.0,0.0,0,0,NASA_EONET,enchente,2025-10-27T20:00:00Z,2025,10,27,300,0.0,0.0,,,,
-11.57655,-56.3409,2026-06-03,322.03,287.07,2.4,0.42,0.38,60,0,NASA_FIRMS,queimada,2026-06-03,2026,6,3,154,19321.8,34.95999999999998,,,,
-8.59641,-47.40961,2026-06-02,330.65,297.76,4.53,0.32,0.54,60,1,NASA_FIRMS,queimada,2026-06-02,2026,6,2,153,19839.0,32.889999999999986,,,,
-22.66993,-58.94817,2026-06-03,355.67,300.65,14.55,0.43,0.38,60,1,NASA_FIRMS,queimada,2026-06-03,2026,6,3,154,21340.2,55.02000000000004,,,,
-16.15641,-62.005,2026-06-04,344.25,297.81,3.22,0.33,0.55,60,1,NASA_FIRMS,queimada,2026-06-04,2026,6,4,155,20655.0,46.44,,,,
-18.0287189,178.5289994,2026-02-26,0.0,0.0,0.0,0.0,0.0,0,0,NASA_EONET,enchente,2026-02-26T20:00:00Z,2026,2,26,57,0.0,0.0,,,,
-14.25029,-53.26752,2026-06-03,341.12,304.83,5.48,0.39,0.44,60,1,NASA_FIRMS,queimada,2026-06-03,2026,6,3,154,20467.2,36.29000000000002,,,,
-28.83578,-56.60857,2026-06-04,346.42,285.6,6.38,0.43,0.46,60,1,NASA_FIRMS,queimada,2026-06-04,2026,6,4,155,20785.2,60.81999999999999,,,,
19.7308217,101.141686484784,2025-07-14,0.0,0.0,0.0,0.0,0.0,0,0,NASA_EONET,enchente,2025-07-14T20:00:00Z,2025,7,14,195,0.0,0.0,,,,
35.949678,39.0089212,2026-03-14,0.0,0.0,0.0,0.0,0.0,0,0,NASA_EONET,enchente,2026-03-14T20:00:00Z,2026,3,14,73,0.0,0.0,,,,
-9.08577,-50.59763,2026-06-02,328.43,296.62,6.03,0.53,0.67,60,1,NASA_FIRMS,queimada,2026-06-02,2026,6,2,153,19705.8,31.810000000000002,,,,
-14.598744369692715,-67.62704455709078,2024-07-25,0.0,0.0,0.0,0.0,0.0,0,0,GERADO,normal,2024-07-25,2024,7,25,207,0.0,0.0,,,,
-33.3852776,150.9868024,2025-08-19,0.0,0.0,0.0,0.0,0.0,0,0,NASA_EONET,enchente,2025-08-19T20:00:00Z,2025,8,19,231,0.0,0.0,,,,
-19.73701,-53.54784,2026-06-04,307.75,286.54,2.31,0.42,0.38,60,0,NASA_FIRMS,queimada,2026-06-04,2026,6,4,155,18465.0,21.20999999999998,,,,
5.842514257729398,-63.798238392211935,2025-02-20,0.0,0.0,0.0,0.0,0.0,0,0,GERADO,normal,2025-02-20,2025,2,20,51,0.0,0.0,,,,
39.613432,2.8829185,2025-09-08,0.0,0.0,0.0,0.0,0.0,0,0,NASA_EONET,enchente,2025-09-08T20:00:00Z,2025,9,8,251,0.0,0.0,,,,
3.9000578,-76.302013,2025-12-23,0.0,0.0,0.0,0.0,0.0,0,0,NASA_EONET,enchente,2025-12-23T20:00:00Z,2025,12,23,357,0.0,0.0,,,,
-0.5255489928695951,-60.94859964600646,2025-11-07,0.0,0.0,0.0,0.0,0.0,0,0,GERADO,normal,2025-11-07,2025,11,7,311,0.0,0.0,,,,
-18.17522573822841,-52.083167970533445,2026-09-19,0.0,0.0,0.0,0.0,0.0,0,0,GERADO,normal,2026-09-19,2026,9,19,262,0.0,0.0,,,,
5.8610055,124.9967013,2025-10-05,0.0,0.0,0.0,0.0,0.0,0,0,NASA_EONET,enchente,2025-10-05T20:00:00Z,2025,10,5,278,0.0,0.0,,,,
-1.4300801,28.0764028,2026-01-11,0.0,0.0,0.0,0.0,0.0,0,0,NASA_EONET,enchente,2026-01-11T20:00:00Z,2026,1,11,11,0.0,0.0,,,,
-21.50550425182985,-66.4857135311414,2026-04-25,0.0,0.0,0.0,0.0,0.0,0,0,GERADO,normal,2026-04-25,2026,4,25,115,0.0,0.0,,,,
9.98418825,-84.7692343992718,2025-09-30,0.0,0.0,0.0,0.0,0.0,0,0,NASA_EONET,enchente,2025-09-30T20:00:00Z,2025,9,30,273,0.0,0.0,,,,
-8.5737,-61.501,2026-06-03,334.7,301.73,9.74,0.41,0.37,60,1,NASA_FIRMS,queimada,2026-06-03,2026,6,3,154,20082.0,32.96999999999997,,,,
-12.678705080843322,-65.38253989074879,2025-07-01,0.0,0.0,0.0,0.0,0.0,0,0,GERADO,normal,2025-07-01,2025,7,1,182,0.0,0.0,,,,
-33.49680515035708,-40.36566127117446,2026-09-24,0.0,0.0,0.0,0.0,0.0,0,0,GERADO,normal,2026-09-24,2026,9,24,267,0.0,0.0,,,,
2.563800261454673,-62.70072437040969,2025-06-11,0.0,0.0,0.0,0.0,0.0,0,0,GERADO,normal,2025-06-11,2025,6,11,162,0.0,0.0,,,,
32.0852997,34.7818064,2025-12-10,0.0,0.0,0.0,0.0,0.0,0,0,NASA_EONET,enchente,2025-12-10T20:00:00Z,2025,12,10,344,0.0,0.0,,,,
-14.08485,-53.39156,2026-06-03,340.34,288.4,15.32,0.39,0.44,60,1,NASA_FIRMS,queimada,2026-06-03,2026,6,3,154,20420.399999999998,51.94,,,,
-41.1767248,174.9817738,2026-04-16,0.0,0.0,0.0,0.0,0.0,0,0,NASA_EONET,enchente,2026-04-16T20:00:00Z,2026,4,16,106,0.0,0.0,,,,
-14.07673,-53.38265,2026-06-04,310.07,290.34,3.97,0.48,0.4,60,0,NASA_FIRMS,queimada,2026-06-04,2026,6,4,155,18604.2,19.730000000000018,,,,
44.8930113,41.0263622,2026-05-18,0.0,0.0,0.0,0.0,0.0,0,0,NASA_EONET,enchente,2026-05-18T20:00:00Z,2026,5,18,138,0.0,0.0,,,,
44.3061013,11.7913606,2025-12-23,0.0,0.0,0.0,0.0,0.0,0,0,NASA_EONET,enchente,2025-12-23T20:00:00Z,2025,12,23,357,0.0,0.0,,,,
-28.07576,-56.04556,2026-06-04,339.0,294.39,4.4,0.4,0.44,60,1,NASA_FIRMS,queimada,2026-06-04,2026,6,4,155,20340.0,44.610000000000014,,,,
-16.70873,-59.64241,2026-06-02,335.91,299.3,4.08,0.45,0.39,60,1,NASA_FIRMS,queimada,2026-06-02,2026,6,2,153,20154.600000000002,36.610000000000014,,,,
42.2885656,18.8419505,2025-11-17,0.0,0.0,0.0,0.0,0.0,0,0,NASA_EONET,enchente,2025-11-17T20:00:00Z,2025,11,17,321,0.0,0.0,,,,
-23.50715,-56.79375,2026-06-03,331.04,298.14,1.73,0.39,0.36,60,1,NASA_FIRMS,queimada,2026-06-03,2026,6,3,154,19862.4,32.900000000000034,,,,
11.4195265,-9.1751513,2025-08-11,0.0,0.0,0.0,0.0,0.0,0,0,NASA_EONET,enchente,2025-08-11T20:00:00Z,2025,8,11,223,0.0,0.0,,,,
38.4032615,14.9655022,2025-08-14,0.0,0.0,0.0,0.0,0.0,0,0,NASA_EONET,enchente,2025-08-14T20:00:00Z,2025,8,14,226,0.0,0.0,,,,
49.1709788,-121.95255,2026-03-16,0.0,0.0,0.0,0.0,0.0,0,0,NASA_EONET,enchente,2026-03-16T20:00:00Z,2026,3,16,75,0.0,0.0,,,,
-19.05618,-42.00353,2026-06-03,295.16,284.39,0.84,0.48,0.64,60,0,NASA_FIRMS,queimada,2026-06-03,2026,6,3,154,17709.600000000002,10.770000000000039,,,,
-5.730392222671767,-63.37957738851456,2025-10-18,0.0,0.0,0.0,0.0,0.0,0,0,GERADO,normal,2025-10-18,2025,10,18,291,0.0,0.0,,,,
-25.98331,-61.57618,2026-06-04,330.7,293.55,3.31,0.65,0.73,60,1,NASA_FIRMS,queimada,2026-06-04,2026,6,4,155,19842.0,37.14999999999998,,,,
-12.31473,-47.90219,2026-06-04,323.54,291.55,1.97,0.4,0.37,60,0,NASA_FIRMS,queimada,2026-06-04,2026,6,4,155,19412.4,31.99000000000001,,,,
4.441696780112018,-69.12612816767748,2026-01-14,0.0,0.0,0.0,0.0,0.0,0,0,GERADO,normal,2026-01-14,2026,1,14,14,0.0,0.0,,,,
-22.20708,-56.01521,2026-06-02,336.07,296.27,5.67,0.57,0.43,60,1,NASA_FIRMS,queimada,2026-06-02,2026,6,2,153,20164.2,39.80000000000001,,,,
-34.3409192,19.0322219,2026-02-07,0.0,0.0,0.0,0.0,0.0,0,0,NASA_EONET,enchente,2026-02-07T20:00:00Z,2026,2,7,38,0.0,0.0,,,,
-10.14425,-49.15369,2026-06-04,331.33,302.57,4.97,0.41,0.45,30,1,NASA_FIRMS,queimada,2026-06-04,2026,6,4,155,9939.9,28.75999999999999,,,,
42.296042,14.444515,2026-03-30,0.0,0.0,0.0,0.0,0.0,0,0,NASA_EONET,enchente,2026-03-30T20:00:00Z,2026,3,30,89,0.0,0.0,,,,
-2.1299593927616733,-68.2667809032814,2026-09-09,0.0,0.0,0.0,0.0,0.0,0,0,GERADO,normal,2026-09-09,2026,9,9,252,0.0,0.0,,,,
-2.0443189400913475,-36.708986339602845,2025-02-05,0.0,0.0,0.0,0.0,0.0,0,0,GERADO,normal,2025-02-05,2025,2,5,36,0.0,0.0,,,,
-20.88936213580915,-57.038627635794064,2026-08-05,0.0,0.0,0.0,0.0,0.0,0,0,GERADO,normal,2026-08-05,2026,8,5,217,0.0,0.0,,,,
-23.3071738,43.7285734,2026-01-21,0.0,0.0,0.0,0.0,0.0,0,0,NASA_EONET,enchente,2026-01-21T20:00:00Z,2026,1,21,21,0.0,0.0,,,,
-18.53716,-58.58967,2026-06-03,367.0,296.76,7.23,0.44,0.39,90,0,NASA_FIRMS,queimada,2026-06-03,2026,6,3,154,33030.0,70.24000000000001,,,,
-16.55592,-59.29691,2026-06-04,311.06,289.98,0.66,0.33,0.55,60,0,NASA_FIRMS,queimada,2026-06-04,2026,6,4,155,18663.6,21.079999999999984,,,,
-23.56490449173588,-59.721764678241655,2025-10-03,0.0,0.0,0.0,0.0,0.0,0,0,GERADO,normal,2025-10-03,2025,10,3,276,0.0,0.0,,,,
-17.48915,-59.55789,2026-06-04,327.07,288.83,1.86,0.33,0.55,60,0,NASA_FIRMS,queimada,2026-06-04,2026,6,4,155,19624.2,38.24000000000001,,,,
-27.772790765687795,-39.19976239574164,2025-02-07,0.0,0.0,0.0,0.0,0.0,0,0,GERADO,normal,2025-02-07,2025,2,7,38,0.0,0.0,,,,
-12.43586,-58.4183,2026-06-03,335.1,303.99,20.58,0.39,0.36,60,1,NASA_FIRMS,queimada,2026-06-03,2026,6,3,154,20106.0,31.110000000000014,,,,
-21.6777017,31.3202631,2026-03-19,0.0,0.0,0.0,0.0,0.0,0,0,NASA_EONET,enchente,2026-03-19T20:00:00Z,2026,3,19,78,0.0,0.0,,,,
4.276252110754626,-39.52642573542694,2025-02-26,0.0,0.0,0.0,0.0,0.0,0,0,GERADO,normal,2025-02-26,2025,2,26,57,0.0,0.0,,,,
-11.88259,-57.82704,2026-06-04,312.28,322.93,138.24,0.48,0.4,30,1,NASA_FIRMS,queimada,2026-06-04,2026,6,4,155,9368.4,-10.650000000000034,,,,
-20.02842,-48.19502,2026-06-04,319.06,286.9,1.46,0.45,0.39,60,0,NASA_FIRMS,queimada,2026-06-04,2026,6,4,155,19143.6,32.160000000000025,,,,
-11.88476,-57.82592,2026-06-04,367.0,329.26,92.0,0.48,0.4,90,1,NASA_FIRMS,queimada,2026-06-04,2026,6,4,155,33030.0,37.74000000000001,,,,
-11.32059,-51.3877,2026-06-03,308.49,292.7,1.19,0.43,0.38,60,0,NASA_FIRMS,queimada,2026-06-03,2026,6,3,154,18509.4,15.79000000000002,,,,
-10.57195,-57.32348,2026-06-04,321.32,290.58,2.4,0.63,0.54,60,0,NASA_FIRMS,queimada,2026-06-04,2026,6,4,155,19279.2,30.74000000000001,,,,
29.2051447,53.4327752,2026-03-27,0.0,0.0,0.0,0.0,0.0,0,0,NASA_EONET,enchente,2026-03-27T20:00:00Z,2026,3,27,86,0.0,0.0,,,,
-17.49325,-59.55627,2026-06-05,324.63,288.61,4.13,0.65,0.73,60,0,NASA_FIRMS,queimada,2026-06-05,2026,6,5,156,19477.8,36.01999999999998,,,,
-17.49005,-59.52635,2026-06-04,347.08,303.88,6.45,0.47,0.48,60,1,NASA_FIRMS,queimada,2026-06-04,2026,6,4,155,20824.8,43.19999999999999,,,,
53.9024716,27.5618225,2025-07-14,0.0,0.0,0.0,0.0,0.0,0,0,NASA_EONET,enchente,2025-07-14T20:00:00Z,2025,7,14,195,0.0,0.0,,,,
-25.2269908,-64.5911956,2026-01-22,0.0,0.0,0.0,0.0,0.0,0,0,NASA_EONET,enchente,2026-01-22T20:00:00Z,2026,1,22,22,0.0,0.0,,,,
47.0633793,10.3755315,2025-08-14,0.0,0.0,0.0,0.0,0.0,0,0,NASA_EONET,enchente,2025-08-14T20:00:00Z,2025,8,14,226,0.0,0.0,,,,
19.6751473734544,-71.6816274629647,2025-10-31,0.0,0.0,0.0,0.0,0.0,0,0,NASA_EONET,enchente,2025-10-31T20:00:00Z,2025,10,31,304,0.0,0.0,,,,
-10.8644,-53.73383,2026-06-03,338.74,302.98,6.33,0.41,0.45,60,1,NASA_FIRMS,queimada,2026-06-03,2026,6,3,154,20324.4,35.75999999999999,,,,
-11.00443,-51.22762,2026-06-04,334.08,300.15,2.84,0.46,0.39,60,1,NASA_FIRMS,queimada,2026-06-04,2026,6,4,155,20044.8,33.93000000000001,,,,
-11.73334,-54.8063,2026-06-04,349.24,311.64,15.72,0.39,0.36,60,1,NASA_FIRMS,queimada,2026-06-04,2026,6,4,155,20954.4,37.60000000000002,,,,
-8.830636689867696,-55.14398681440807,2026-12-10,0.0,0.0,0.0,0.0,0.0,0,0,GERADO,normal,2026-12-10,2026,12,10,344,0.0,0.0,,,,
-10.98526693558528,-38.59518915010279,2024-12-13,0.0,0.0,0.0,0.0,0.0,0,0,GERADO,normal,2024-12-13,2024,12,13,348,0.0,0.0,,,,
-12.019421197825745,-60.04103846001987,2024-03-01,0.0,0.0,0.0,0.0,0.0,0,0,GERADO,normal,2024-03-01,2024,3,1,61,0.0,0.0,,,,
-15.63796,-60.2589,2026-06-03,305.47,290.46,0.57,0.39,0.44,60,0,NASA_FIRMS,queimada,2026-06-03,2026,6,3,154,18328.2,15.010000000000048,,,,
5.082824943612003,-73.27844142357705,2026-05-26,0.0,0.0,0.0,0.0,0.0,0,0,GERADO,normal,2026-05-26,2026,5,26,146,0.0,0.0,,,,
-25.580099146363164,-36.297863242723,2025-07-25,0.0,0.0,0.0,0.0,0.0,0,0,GERADO,normal,2025-07-25,2025,7,25,206,0.0,0.0,,,,
15.4936387,-88.007767,2026-06-01,0.0,0.0,0.0,0.0,0.0,0,0,NASA_EONET,enchente,2026-06-01T20:00:00Z,2026,6,1,152,0.0,0.0,,,,
-16.15001,-58.4937,2026-06-02,335.2,284.28,18.13,0.52,0.41,60,1,NASA_FIRMS,queimada,2026-06-02,2026,6,2,153,20112.0,50.920000000000016,,,,
-5.43359,-47.25584,2026-06-03,305.02,287.37,0.91,0.41,0.45,60,0,NASA_FIRMS,queimada,2026-06-03,2026,6,3,154,18301.199999999997,17.649999999999977,,,,
-4.103993380218121,-72.49530725944922,2026-03-05,0.0,0.0,0.0,0.0,0.0,0,0,GERADO,normal,2026-03-05,2026,3,5,64,0.0,0.0,,,,
-17.89896,-62.983,2026-06-04,336.09,294.92,1.58,0.4,0.6,60,1,NASA_FIRMS,queimada,2026-06-04,2026,6,4,155,20165.399999999998,41.16999999999996,,,,
-24.16401,-56.43212,2026-06-04,331.9,296.35,4.3,0.56,0.43,60,1,NASA_FIRMS,queimada,2026-06-04,2026,6,4,155,19914.0,35.549999999999955,,,,
-29.63832,-51.82922,2026-06-04,330.56,294.51,1.8,0.41,0.37,60,1,NASA_FIRMS,queimada,2026-06-04,2026,6,4,155,19833.6,36.05000000000001,,,,
-15.34154878744422,-47.59355771644426,2024-03-30,0.0,0.0,0.0,0.0,0.0,0,0,GERADO,normal,2024-03-30,2024,3,30,90,0.0,0.0,,,,
-23.62028,-45.41306,2026-02-20,0.0,0.0,0.0,0.0,0.0,0,0,NASA_EONET,enchente,2026-02-20T20:00:00Z,2026,2,20,51,0.0,0.0,,,,
-18.99401,-49.78823,2026-06-03,339.78,302.85,10.71,0.53,0.5,60,1,NASA_FIRMS,queimada,2026-06-03,2026,6,3,154,20386.8,36.92999999999995,,,,
-18.179226409616525,-56.39466855504672,2024-02-27,0.0,0.0,0.0,0.0,0.0,0,0,GERADO,normal,2024-02-27,2024,2,27,58,0.0,0.0,,,,
-2.8406938823500028,-56.76242079702159,2025-07-01,0.0,0.0,0.0,0.0,0.0,0,0,GERADO,normal,2025-07-01,2025,7,1,182,0.0,0.0,,,,
-11.95023,-43.40898,2026-06-02,346.75,302.54,9.24,0.39,0.44,60,1,NASA_FIRMS,queimada,2026-06-02,2026,6,2,153,20805.0,44.20999999999998,,,,
-19.28886,-40.32377,2026-06-02,336.27,296.7,6.72,0.48,0.4,60,1,NASA_FIRMS,queimada,2026-06-02,2026,6,2,153,20176.199999999997,39.56999999999999,,,,
8.8378585,-66.3820999552955,2025-07-31,0.0,0.0,0.0,0.0,0.0,0,0,NASA_EONET,enchente,2025-07-31T20:00:00Z,2025,7,31,212,0.0,0.0,,,,
-25.13381,-55.60297,2026-06-04,330.59,297.82,4.99,0.52,0.42,60,1,NASA_FIRMS,queimada,2026-06-04,2026,6,4,155,19835.399999999998,32.76999999999998,,,,
-6.514337101835132,-67.9142335143089,2024-03-01,0.0,0.0,0.0,0.0,0.0,0,0,GERADO,normal,2024-03-01,2024,3,1,61,0.0,0.0,,,,
-10.36024,-64.50536,2026-06-02,346.5,300.24,5.39,0.39,0.36,60,1,NASA_FIRMS,queimada,2026-06-02,2026,6,2,153,20790.0,46.25999999999999,,,,
-17.503,-59.54155,2026-06-03,306.72,290.8,1.08,0.51,0.41,60,0,NASA_FIRMS,queimada,2026-06-03,2026,6,3,154,18403.2,15.920000000000016,,,,
-20.1561586,34.738304,2025-12-21,0.0,0.0,0.0,0.0,0.0,0,0,NASA_EONET,enchente,2025-12-21T20:00:00Z,2025,12,21,355,0.0,0.0,,,,
13.6989939,-89.1914249,2025-08-14,0.0,0.0,0.0,0.0,0.0,0,0,NASA_EONET,enchente,2025-08-14T20:00:00Z,2025,8,14,226,0.0,0.0,,,,
4.3242506,101.9085845,2025-10-13,0.0,0.0,0.0,0.0,0.0,0,0,NASA_EONET,enchente,2025-10-13T20:00:00Z,2025,10,13,286,0.0,0.0,,,,
-6.47752972724809,-34.0574435138548,2024-03-01,0.0,0.0,0.0,0.0,0.0,0,0,GERADO,normal,2024-03-01,2024,3,1,61,0.0,0.0,,,,
28.4993424,-13.8599051,2025-12-11,0.0,0.0,0.0,0.0,0.0,0,0,NASA_EONET,enchente,2025-12-11T20:00:00Z,2025,12,11,345,0.0,0.0,,,,
-15.5812072462343,-57.35767000204365,2025-08-14,0.0,0.0,0.0,0.0,0.0,0,0,GERADO,normal,2025-08-14,2025,8,14,226,0.0,0.0,,,,
-16.20263,-63.65659,2026-06-03,338.88,300.94,12.14,0.42,0.45,60,1,NASA_FIRMS,queimada,2026-06-03,2026,6,3,154,20332.8,37.94,,,,
-17.49416,-59.52166,2026-06-05,319.27,289.84,3.96,0.51,0.66,60,0,NASA_FIRMS,queimada,2026-06-05,2026,6,5,156,19156.199999999997,29.430000000000007,,,,
-10.9914881,-74.7647896,2026-01-12,0.0,0.0,0.0,0.0,0.0,0,0,NASA_EONET,enchente,2026-01-12T20:00:00Z,2026,1,12,12,0.0,0.0,,,,
-8.77022,-40.53271,2026-06-02,333.41,298.65,2.62,0.4,0.37,60,1,NASA_FIRMS,queimada,2026-06-02,2026,6,2,153,20004.600000000002,34.76000000000005,,,,
-16.41445,-59.54351,2026-06-04,318.07,290.22,2.52,0.34,0.56,60,0,NASA_FIRMS,queimada,2026-06-04,2026,6,4,155,19084.2,27.849999999999966,,,,
40.896861,72.9119207,2026-04-27,0.0,0.0,0.0,0.0,0.0,0,0,NASA_EONET,enchente,2026-04-27T20:00:00Z,2026,4,27,117,0.0,0.0,,,,
-34.0364247,-61.916230676618,2025-08-29,0.0,0.0,0.0,0.0,0.0,0,0,NASA_EONET,enchente,2025-08-29T20:00:00Z,2025,8,29,241,0.0,0.0,,,,
47.4978789,19.0402383,2025-08-29,0.0,0.0,0.0,0.0,0.0,0,0,NASA_EONET,enchente,2025-08-29T20:00:00Z,2025,8,29,241,0.0,0.0,,,,
-15.3004311133378,-60.70959479405789,2026-11-27,0.0,0.0,0.0,0.0,0.0,0,0,GERADO,normal,2026-11-27,2026,11,27,331,0.0,0.0,,,,
-11.56348,-47.20304,2026-06-04,340.8,295.61,6.14,0.52,0.5,60,1,NASA_FIRMS,queimada,2026-06-04,2026,6,4,155,20448.0,45.19,,,,
2.3894154,-75.8926236,2026-01-05,0.0,0.0,0.0,0.0,0.0,0,0,NASA_EONET,enchente,2026-01-05T20:00:00Z,2026,1,5,5,0.0,0.0,,,,
32.9901681,47.4221887,2025-11-15,0.0,0.0,0.0,0.0,0.0,0,0,NASA_EONET,enchente,2025-11-15T20:00:00Z,2025,11,15,319,0.0,0.0,,,,
-19.92245140776125,-46.41474754089392,2024-06-25,0.0,0.0,0.0,0.0,0.0,0,0,GERADO,normal,2024-06-25,2024,6,25,177,0.0,0.0,,,,
-32.0,-57.25,2025-06-25,0.0,0.0,0.0,0.0,0.0,0,0,NASA_EONET,enchente,2025-06-25T20:00:00Z,2025,6,25,176,0.0,0.0,,,,
-31.80731851033647,-51.2022665089929,2026-07-30,0.0,0.0,0.0,0.0,0.0,0,0,GERADO,normal,2026-07-30,2026,7,30,211,0.0,0.0,,,,
-23.08861,-56.68409,2026-06-03,330.99,298.33,3.52,0.38,0.36,60,1,NASA_FIRMS,queimada,2026-06-03,2026,6,3,154,19859.4,32.660000000000025,,,,
-16.37698304392904,-71.99252667568484,2026-06-05,0.0,0.0,0.0,0.0,0.0,0,0,GERADO,normal,2026-06-05,2026,6,5,156,0.0,0.0,,,,
47.0683643,11.2550695,2025-06-29,0.0,0.0,0.0,0.0,0.0,0,0,NASA_EONET,enchente,2025-06-29T20:00:00Z,2025,6,29,180,0.0,0.0,,,,
3.375176239957326,-68.07404280863216,2026-04-07,0.0,0.0,0.0,0.0,0.0,0,0,GERADO,normal,2026-04-07,2026,4,7,97,0.0,0.0,,,,
-16.55445,-59.30151,2026-06-04,341.82,301.0,4.49,0.45,0.47,60,1,NASA_FIRMS,queimada,2026-06-04,2026,6,4,155,20509.2,40.81999999999999,,,,
53.3948616,-6.2651936,2026-02-11,0.0,0.0,0.0,0.0,0.0,0,0,NASA_EONET,enchente,2026-02-11T20:00:00Z,2026,2,11,42,0.0,0.0,,,,
-21.861368926989265,-73.69302868641405,2025-06-30,0.0,0.0,0.0,0.0,0.0,0,0,GERADO,normal,2025-06-30,2025,6,30,181,0.0,0.0,,,,
13.8284014,100.5683792,2025-12-12,0.0,0.0,0.0,0.0,0.0,0,0,NASA_EONET,enchente,2025-12-12T08:00:00Z,2025,12,12,346,0.0,0.0,,,,
-41.0802399,172.9967803,2025-06-26,0.0,0.0,0.0,0.0,0.0,0,0,NASA_EONET,enchente,2025-06-26T20:00:00Z,2025,6,26,177,0.0,0.0,,,,
28.2935785,-16.6214471,2026-03-23,0.0,0.0,0.0,0.0,0.0,0,0,NASA_EONET,enchente,2026-03-23T20:00:00Z,2026,3,23,82,0.0,0.0,,,,
-10.3879,-49.44946,2026-06-04,356.18,302.98,7.15,0.39,0.44,60,1,NASA_FIRMS,queimada,2026-06-04,2026,6,4,155,21370.8,53.19999999999999,,,,
-17.48882,-59.51685,2026-06-03,331.87,292.51,5.42,0.51,0.41,60,0,NASA_FIRMS,queimada,2026-06-03,2026,6,3,154,19912.2,39.360000000000014,,,,
50.655163,-128.0137809,2025-10-24,0.0,0.0,0.0,0.0,0.0,0,0,NASA_EONET,enchente,2025-10-24T20:00:00Z,2025,10,24,297,0.0,0.0,,,,
-28.175600976340647,-60.89153262507077,2026-05-29,0.0,0.0,0.0,0.0,0.0,0,0,GERADO,normal,2026-05-29,2026,5,29,149,0.0,0.0,,,,
-5.81006,-43.79247,2026-06-05,308.32,290.98,0.74,0.39,0.36,60,0,NASA_FIRMS,queimada,2026-06-05,2026,6,5,156,18499.2,17.339999999999975,,,,
-18.31825,-62.06936,2026-06-05,326.85,289.38,1.99,0.36,0.57,60,0,NASA_FIRMS,queimada,2026-06-05,2026,6,5,156,19611.0,37.47000000000003,,,,
-1.84476,-55.33417,2026-06-04,330.05,295.3,4.56,0.4,0.37,60,1,NASA_FIRMS,queimada,2026-06-04,2026,6,4,155,19803.0,34.75,,,,
-21.00098765503447,-55.28377995241814,2024-09-03,0.0,0.0,0.0,0.0,0.0,0,0,GERADO,normal,2024-09-03,2024,9,3,247,0.0,0.0,,,,
-28.76828,-55.73297,2026-06-04,328.11,296.77,1.55,0.39,0.44,60,1,NASA_FIRMS,queimada,2026-06-04,2026,6,4,155,19686.600000000002,31.340000000000032,,,,
-23.459685964084347,-69.31684248280274,2026-07-29,0.0,0.0,0.0,0.0,0.0,0,0,GERADO,normal,2026-07-29,2026,7,29,210,0.0,0.0,,,,
-11.49758,-50.89698,2026-06-04,336.57,303.94,3.41,0.47,0.4,60,1,NASA_FIRMS,queimada,2026-06-04,2026,6,4,155,20194.2,32.629999999999995,,,,
2.0428038277351988,-47.67382791843225,2025-03-19,0.0,0.0,0.0,0.0,0.0,0,0,GERADO,normal,2025-03-19,2025,3,19,78,0.0,0.0,,,,
-14.43201,-59.21801,2026-06-02,367.0,302.34,17.41,0.5,0.41,90,1,NASA_FIRMS,queimada,2026-06-02,2026,6,2,153,33030.0,64.66000000000003,,,,
-23.2761610144562,-71.91444502817932,2025-11-17,0.0,0.0,0.0,0.0,0.0,0,0,GERADO,normal,2025-11-17,2025,11,17,321,0.0,0.0,,,,
5.133399932139682,-64.63849144486424,2025-04-11,0.0,0.0,0.0,0.0,0.0,0,0,GERADO,normal,2025-04-11,2025,4,11,101,0.0,0.0,,,,
-12.45577,-58.47347,2026-06-04,350.72,294.01,4.65,0.35,0.56,60,0,NASA_FIRMS,queimada,2026-06-04,2026,6,4,155,21043.2,56.710000000000036,,,,
-27.52774,-56.20077,2026-06-04,342.31,304.09,58.61,0.4,0.44,60,1,NASA_FIRMS,queimada,2026-06-04,2026,6,4,155,20538.6,38.22000000000003,,,,
47.5000001,16.4166666,2026-05-30,0.0,0.0,0.0,0.0,0.0,0,0,NASA_EONET,enchente,2026-05-30T20:00:00Z,2026,5,30,150,0.0,0.0,,,,
-3.94492985,-78.7334721176842,2025-06-29,0.0,0.0,0.0,0.0,0.0,0,0,NASA_EONET,enchente,2025-06-29T20:00:00Z,2025,6,29,180,0.0,0.0,,,,
-12.99756,-64.58453,2026-06-03,337.03,297.88,3.86,0.43,0.46,60,1,NASA_FIRMS,queimada,2026-06-03,2026,6,3,154,20221.8,39.14999999999998,,,,
37.1515627,49.6389743,2025-09-30,0.0,0.0,0.0,0.0,0.0,0,0,NASA_EONET,enchente,2025-09-30T20:00:00Z,2025,9,30,273,0.0,0.0,,,,
-17.48638,-59.60845,2026-06-03,345.0,315.8,44.97,0.41,0.37,60,1,NASA_FIRMS,queimada,2026-06-03,2026,6,3,154,20700.0,29.19999999999999,,,,
-29.12070258336244,-43.01146754640017,2025-05-12,0.0,0.0,0.0,0.0,0.0,0,0,GERADO,normal,2025-05-12,2025,5,12,132,0.0,0.0,,,,
-17.652960434410776,-71.16793781209529,2024-06-29,0.0,0.0,0.0,0.0,0.0,0,0,GERADO,normal,2024-06-29,2024,6,29,181,0.0,0.0,,,,
-21.1351354,-41.6798294,2026-05-22,0.0,0.0,0.0,0.0,0.0,0,0,NASA_EONET,enchente,2026-05-22T20:00:00Z,2026,5,22,142,0.0,0.0,,,,
-6.056867964991046,-49.13628058871451,2024-02-20,0.0,0.0,0.0,0.0,0.0,0,0,GERADO,normal,2024-02-20,2024,2,20,51,0.0,0.0,,,,
1.07030145,34.9962621482583,2026-03-17,0.0,0.0,0.0,0.0,0.0,0,0,NASA_EONET,enchente,2026-03-17T20:00:00Z,2026,3,17,76,0.0,0.0,,,,
-17.49019,-59.48977,2026-06-04,329.5,304.46,27.18,0.47,0.48,30,1,NASA_FIRMS,queimada,2026-06-04,2026,6,4,155,9885.0,25.04000000000002,,,,
39.08528,-0.4765326,2025-12-26,0.0,0.0,0.0,0.0,0.0,0,0,NASA_EONET,enchente,2025-12-26T20:00:00Z,2025,12,26,360,0.0,0.0,,,,
-7.4031812206580625,-48.40261618912216,2024-09-28,0.0,0.0,0.0,0.0,0.0,0,0,GERADO,normal,2024-09-28,2024,9,28,272,0.0,0.0,,,,
-18.54966,-58.598,2026-06-04,351.4,311.14,41.48,0.43,0.46,60,1,NASA_FIRMS,queimada,2026-06-04,2026,6,4,155,21084.0,40.25999999999999,,,,
6.8303517,125.3970848,2026-04-07,0.0,0.0,0.0,0.0,0.0,0,0,NASA_EONET,enchente,2026-04-07T20:00:00Z,2026,4,7,97,0.0,0.0,,,,
-1.906542723212489,-71.79536242283702,2024-05-01,0.0,0.0,0.0,0.0,0.0,0,0,GERADO,normal,2024-05-01,2024,5,1,122,0.0,0.0,,,,
13.7901548,-89.3429791,2026-01-09,0.0,0.0,0.0,0.0,0.0,0,0,NASA_EONET,enchente,2026-01-09T20:00:00Z,2026,1,9,9,0.0,0.0,,,,
-14.381939390038651,-38.33668662475788,2024-05-30,0.0,0.0,0.0,0.0,0.0,0,0,GERADO,normal,2024-05-30,2024,5,30,151,0.0,0.0,,,,
33.38211545,43.5251254114244,2026-03-24,0.0,0.0,0.0,0.0,0.0,0,0,NASA_EONET,enchente,2026-03-24T20:00:00Z,2026,3,24,83,0.0,0.0,,,,
26.1600453,91.6958086,2026-04-18,0.0,0.0,0.0,0.0,0.0,0,0,NASA_EONET,enchente,2026-04-18T20:00:00Z,2026,4,18,108,0.0,0.0,,,,
-10.59755,-53.47337,2026-06-04,343.85,306.87,14.69,0.39,0.36,60,1,NASA_FIRMS,queimada,2026-06-04,2026,6,4,155,20631.0,36.98000000000002,,,,
-16.415978610222748,-61.95995123911125,2024-12-22,0.0,0.0,0.0,0.0,0.0,0,0,GERADO,normal,2024-12-22,2024,12,22,357,0.0,0.0,,,,
23.6665754,57.8820597,2026-03-19,0.0,0.0,0.0,0.0,0.0,0,0,NASA_EONET,enchente,2026-03-19T20:00:00Z,2026,3,19,78,0.0,0.0,,,,
32.103175,63.946629,2026-03-24,0.0,0.0,0.0,0.0,0.0,0,0,NASA_EONET,enchente,2026-03-24T20:00:00Z,2026,3,24,83,0.0,0.0,,,,
-26.65463858805998,-56.36523685117215,2025-06-25,0.0,0.0,0.0,0.0,0.0,0,0,GERADO,normal,2025-06-25,2025,6,25,176,0.0,0.0,,,,
41.8986197,73.5704827,2025-06-26,0.0,0.0,0.0,0.0,0.0,0,0,NASA_EONET,enchente,2025-06-26T20:00:00Z,2025,6,26,177,0.0,0.0,,,,
6.8124018,80.3354764302592,2025-11-26,0.0,0.0,0.0,0.0,0.0,0,0,NASA_EONET,enchente,2025-11-26T09:00:00Z,2025,11,26,330,0.0,0.0,,,,
-18.268688495026417,-51.44172355547806,2026-02-02,0.0,0.0,0.0,0.0,0.0,0,0,GERADO,normal,2026-02-02,2026,2,2,33,0.0,0.0,,,,
-14.16358,-58.98758,2026-06-04,305.2,289.25,1.24,0.35,0.57,60,0,NASA_FIRMS,queimada,2026-06-04,2026,6,4,155,18312.0,15.949999999999989,,,,
17.1589043,-92.8979386,2025-12-10,0.0,0.0,0.0,0.0,0.0,0,0,NASA_EONET,enchente,2025-12-10T20:00:00Z,2025,12,10,344,0.0,0.0,,,,
5.2295674,-75.7878384,2026-05-31,0.0,0.0,0.0,0.0,0.0,0,0,NASA_EONET,enchente,2026-05-31T20:00:00Z,2026,5,31,151,0.0,0.0,,,,
-5.027632515059793,-64.72633217021155,2025-07-06,0.0,0.0,0.0,0.0,0.0,0,0,GERADO,normal,2025-07-06,2025,7,6,187,0.0,0.0,,,,
-26.56827,-54.41671,2026-06-03,337.01,298.13,11.76,0.39,0.36,60,1,NASA_FIRMS,queimada,2026-06-03,2026,6,3,154,20220.6,38.879999999999995,,,,
46.4135961,-120.730253,2025-12-08,0.0,0.0,0.0,0.0,0.0,0,0,NASA_EONET,enchente,2025-12-08T20:00:00Z,2025,12,8,342,0.0,0.0,,,,
41.6079341,1.8156454,2025-09-19,0.0,0.0,0.0,0.0,0.0,0,0,NASA_EONET,enchente,2025-09-19T20:00:00Z,2025,9,19,262,0.0,0.0,,,,
-20.15565,-47.53115,2026-06-02,367.0,301.33,9.84,0.46,0.63,90,1,NASA_FIRMS,queimada,2026-06-02,2026,6,2,153,33030.0,65.67000000000002,,,,
-18.18394818549197,-70.51601250460638,2026-04-10,0.0,0.0,0.0,0.0,0.0,0,0,GERADO,normal,2026-04-10,2026,4,10,100,0.0,0.0,,,,
-28.582265396288925,-36.3110019697727,2024-05-24,0.0,0.0,0.0,0.0,0.0,0,0,GERADO,normal,2024-05-24,2024,5,24,145,0.0,0.0,,,,
4.80312230509788,-35.69109480386857,2026-03-12,0.0,0.0,0.0,0.0,0.0,0,0,GERADO,normal,2026-03-12,2026,3,12,71,0.0,0.0,,,,
-25.4292,-56.81606,2026-06-02,331.5,292.21,3.02,0.47,0.4,60,1,NASA_FIRMS,queimada,2026-06-02,2026,6,2,153,19890.0,39.29000000000002,,,,
-1.9780475504053712,-37.30100351534847,2026-02-24,0.0,0.0,0.0,0.0,0.0,0,0,GERADO,normal,2026-02-24,2026,2,24,55,0.0,0.0,,,,
-9.21046,-64.08195,2026-06-04,336.41,300.35,5.33,0.37,0.58,60,1,NASA_FIRMS,queimada,2026-06-04,2026,6,4,155,20184.600000000002,36.06,,,,
3.370486899118653,-56.49797395333857,2025-10-02,0.0,0.0,0.0,0.0,0.0,0,0,GERADO,normal,2025-10-02,2025,10,2,275,0.0,0.0,,,,
44.7861384,18.5156598,2026-03-27,0.0,0.0,0.0,0.0,0.0,0,0,NASA_EONET,enchente,2026-03-27T20:00:00Z,2026,3,27,86,0.0,0.0,,,,
-16.51244,-59.3473,2026-06-05,310.64,289.37,1.84,0.51,0.66,60,0,NASA_FIRMS,queimada,2026-06-05,2026,6,5,156,18638.399999999998,21.269999999999982,,,,
-6.26289085,106.882228946928,2025-07-07,0.0,0.0,0.0,0.0,0.0,0,0,NASA_EONET,enchente,2025-07-07T09:00:00Z,2025,7,7,188,0.0,0.0,,,,
-30.304918367015052,-45.69420523363783,2024-08-09,0.0,0.0,0.0,0.0,0.0,0,0,GERADO,normal,2024-08-09,2024,8,9,222,0.0,0.0,,,,
-32.26946470789852,-44.79941110699677,2025-10-31,0.0,0.0,0.0,0.0,0.0,0,0,GERADO,normal,2025-10-31,2025,10,31,304,0.0,0.0,,,,
0.2787577316315719,-36.93857512333399,2025-02-20,0.0,0.0,0.0,0.0,0.0,0,0,GERADO,normal,2025-02-20,2025,2,20,51,0.0,0.0,,,,
-4.408683025070108,-62.48084580684528,2025-10-24,0.0,0.0,0.0,0.0,0.0,0,0,GERADO,normal,2025-10-24,2025,10,24,297,0.0,0.0,,,,
-17.49448,-59.52569,2026-06-04,367.0,305.02,7.13,0.47,0.48,90,1,NASA_FIRMS,queimada,2026-06-04,2026,6,4,155,33030.0,61.98000000000002,,,,
38.50117,48.8315011,2025-09-24,0.0,0.0,0.0,0.0,0.0,0,0,NASA_EONET,enchente,2025-09-24T20:00:00Z,2025,9,24,267,0.0,0.0,,,,
-0.5368729556945198,-43.62853650870589,2025-04-25,0.0,0.0,0.0,0.0,0.0,0,0,GERADO,normal,2025-04-25,2025,4,25,115,0.0,0.0,,,,
5.9292,-68.48785,2026-06-02,342.12,291.96,4.96,0.39,0.36,60,1,NASA_FIRMS,queimada,2026-06-02,2026,6,2,153,20527.2,50.160000000000025,,,,
-9.08941110933759,-56.52214753337981,2026-02-02,0.0,0.0,0.0,0.0,0.0,0,0,GERADO,normal,2026-02-02,2026,2,2,33,0.0,0.0,,,,
-8.29579,-48.23835,2026-06-04,304.56,291.44,0.94,0.38,0.36,60,0,NASA_FIRMS,queimada,2026-06-04,2026,6,4,155,18273.6,13.120000000000005,,,,
-26.667621838146385,-67.04411071685163,2024-07-03,0.0,0.0,0.0,0.0,0.0,0,0,GERADO,normal,2024-07-03,2024,7,3,185,0.0,0.0,,,,
-24.168606508662798,-38.79664739658979,2026-12-20,0.0,0.0,0.0,0.0,0.0,0,0,GERADO,normal,2026-12-20,2026,12,20,354,0.0,0.0,,,,
-13.65871,-53.86665,2026-06-04,335.56,302.4,3.72,0.38,0.36,60,1,NASA_FIRMS,queimada,2026-06-04,2026,6,4,155,20133.6,33.160000000000025,,,,
-28.49715,-55.18948,2026-06-03,329.87,296.83,1.63,0.38,0.36,60,1,NASA_FIRMS,queimada,2026-06-03,2026,6,3,154,19792.2,33.04000000000002,,,,
-17.48345,-59.55984,2026-06-04,300.4,287.6,1.44,0.33,0.55,60,0,NASA_FIRMS,queimada,2026-06-04,2026,6,4,155,18024.0,12.799999999999955,,,,
41.475765,22.7024501,2026-02-13,0.0,0.0,0.0,0.0,0.0,0,0,NASA_EONET,enchente,2026-02-13T20:00:00Z,2026,2,13,44,0.0,0.0,,,,
-18.1796552,-63.8758254,2025-11-16,0.0,0.0,0.0,0.0,0.0,0,0,NASA_EONET,enchente,2025-11-16T20:00:00Z,2025,11,16,320,0.0,0.0,,,,
46.2805407,12.0789137225042,2025-06-14,0.0,0.0,0.0,0.0,0.0,0,0,NASA_EONET,enchente,2025-06-14T20:00:00Z,2025,6,14,165,0.0,0.0,,,,
-1.8009022,-79.5338214,2026-01-23,0.0,0.0,0.0,0.0,0.0,0,0,NASA_EONET,enchente,2026-01-23T20:00:00Z,2026,1,23,23,0.0,0.0,,,,
-19.112276329605876,-41.176054356881934,2026-07-02,0.0,0.0,0.0,0.0,0.0,0,0,GERADO,normal,2026-07-02,2026,7,2,183,0.0,0.0,,,,
43.4874963,-0.7738363,2026-04-26,0.0,0.0,0.0,0.0,0.0,0,0,NASA_EONET,enchente,2026-04-26T20:00:00Z,2026,4,26,116,0.0,0.0,,,,
45.8040475,15.1696684,2025-09-15,0.0,0.0,0.0,0.0,0.0,0,0,NASA_EONET,enchente,2025-09-15T20:00:00Z,2025,9,15,258,0.0,0.0,,,,
-10.18323,-46.34992,2026-06-04,349.59,298.04,20.4,0.63,0.54,60,1,NASA_FIRMS,queimada,2026-06-04,2026,6,4,155,20975.399999999998,51.549999999999955,,,,
-11.65480385717298,-56.82353845010204,2026-08-28,0.0,0.0,0.0,0.0,0.0,0,0,GERADO,normal,2026-08-28,2026,8,28,240,0.0,0.0,,,,
51.1089776,17.0326689,2025-07-07,0.0,0.0,0.0,0.0,0.0,0,0,NASA_EONET,enchente,2025-07-07T20:00:00Z,2025,7,7,188,0.0,0.0,,,,
-27.19643,-56.1391,2026-06-03,325.49,296.04,1.41,0.39,0.36,60,1,NASA_FIRMS,queimada,2026-06-03,2026,6,3,154,19529.4,29.44999999999999,,,,
-16.64594,-60.78189,2026-06-03,332.06,301.25,2.69,0.45,0.39,60,1,NASA_FIRMS,queimada,2026-06-03,2026,6,3,154,19923.6,30.810000000000002,,,,
34.039893,-118.4507991,2026-02-15,0.0,0.0,0.0,0.0,0.0,0,0,NASA_EONET,enchente,2026-02-15T20:00:00Z,2026,2,15,46,0.0,0.0,,,,
-10.2535041483042,-40.102634594018966,2026-01-25,0.0,0.0,0.0,0.0,0.0,0,0,GERADO,normal,2026-01-25,2026,1,25,25,0.0,0.0,,,,
44.40726,8.9338624,2026-03-08,0.0,0.0,0.0,0.0,0.0,0,0,NASA_EONET,enchente,2026-03-08T20:00:00Z,2026,3,8,67,0.0,0.0,,,,
-27.463040703105715,-50.91164544792004,2024-11-30,0.0,0.0,0.0,0.0,0.0,0,0,GERADO,normal,2024-11-30,2024,11,30,335,0.0,0.0,,,,
-28.68957,-56.50695,2026-06-03,337.29,301.2,14.29,0.4,0.37,60,1,NASA_FIRMS,queimada,2026-06-03,2026,6,3,154,20237.4,36.09000000000003,,,,
-18.38767,-59.08438,2026-06-05,304.33,287.55,2.5,0.56,0.69,60,0,NASA_FIRMS,queimada,2026-06-05,2026,6,5,156,18259.8,16.779999999999973,,,,
-24.15121,-56.4698,2026-06-04,331.76,298.1,2.53,0.56,0.43,60,1,NASA_FIRMS,queimada,2026-06-04,2026,6,4,155,19905.6,33.65999999999997,,,,
-15.74614,-64.13678,2026-06-04,340.34,295.81,17.15,0.45,0.63,60,1,NASA_FIRMS,queimada,2026-06-04,2026,6,4,155,20420.399999999998,44.52999999999997,,,,
-0.52363325,40.3564053496207,2025-10-27,0.0,0.0,0.0,0.0,0.0,0,0,NASA_EONET,enchente,2025-10-27T20:00:00Z,2025,10,27,300,0.0,0.0,,,,
43.3525156,17.7784441,2026-01-03,0.0,0.0,0.0,0.0,0.0,0,0,NASA_EONET,enchente,2026-01-03T20:00:00Z,2026,1,3,3,0.0,0.0,,,,
-7.235326843214171,-53.70613118412562,2026-08-01,0.0,0.0,0.0,0.0,0.0,0,0,GERADO,normal,2026-08-01,2026,8,1,213,0.0,0.0,,,,
-12.67624,-54.5824,2026-06-04,336.08,305.8,5.09,0.39,0.36,60,1,NASA_FIRMS,queimada,2026-06-04,2026,6,4,155,20164.8,30.279999999999973,,,,
-33.31059156573284,-49.9503099705247,2026-12-28,0.0,0.0,0.0,0.0,0.0,0,0,GERADO,normal,2026-12-28,2026,12,28,362,0.0,0.0,,,,
-10.13959,-49.15468,2026-06-04,320.54,292.82,1.62,0.38,0.36,60,0,NASA_FIRMS,queimada,2026-06-04,2026,6,4,155,19232.4,27.720000000000027,,,,
36.8040254,71.367658,2026-05-19,0.0,0.0,0.0,0.0,0.0,0,0,NASA_EONET,enchente,2026-05-19T20:00:00Z,2026,5,19,139,0.0,0.0,,,,
-27.10466290816748,-38.67666397718489,2024-11-19,0.0,0.0,0.0,0.0,0.0,0,0,GERADO,normal,2024-11-19,2024,11,19,324,0.0,0.0,,,,
-5.577102842766486,-42.769394305902,2025-05-23,0.0,0.0,0.0,0.0,0.0,0,0,GERADO,normal,2025-05-23,2025,5,23,143,0.0,0.0,,,,
-3.483751440360088,-40.231054343688186,2026-04-08,0.0,0.0,0.0,0.0,0.0,0,0,GERADO,normal,2026-04-08,2026,4,8,98,0.0,0.0,,,,
-11.33195,-51.38999,2026-06-05,298.07,287.28,0.85,0.51,0.49,60,0,NASA_FIRMS,queimada,2026-06-05,2026,6,5,156,17884.2,10.79000000000002,,,,
-18.04218,-59.61234,2026-06-05,299.09,287.27,0.69,0.51,0.66,60,0,NASA_FIRMS,queimada,2026-06-05,2026,6,5,156,17945.399999999998,11.819999999999993,,,,
-16.55067,-59.29313,2026-06-05,310.04,288.76,2.16,0.66,0.73,60,0,NASA_FIRMS,queimada,2026-06-05,2026,6,5,156,18602.4,21.28000000000003,,,,
-5.208475928714847,-40.295503400812464,2026-04-15,0.0,0.0,0.0,0.0,0.0,0,0,GERADO,normal,2026-04-15,2026,4,15,105,0.0,0.0,,,,
45.060735,7.923549,2025-06-29,0.0,0.0,0.0,0.0,0.0,0,0,NASA_EONET,enchente,2025-06-29T20:00:00Z,2025,6,29,180,0.0,0.0,,,,
15.5919971,120.739674572193,2025-07-24,0.0,0.0,0.0,0.0,0.0,0,0,NASA_EONET,enchente,2025-07-24T09:00:00Z,2025,7,24,205,0.0,0.0,,,,
40.0615029,9.0975894,2025-10-14,0.0,0.0,0.0,0.0,0.0,0,0,NASA_EONET,enchente,2025-10-14T20:00:00Z,2025,10,14,287,0.0,0.0,,,,
-7.46877,-43.31799,2026-06-04,335.33,290.88,0.42,0.56,0.69,60,1,NASA_FIRMS,queimada,2026-06-04,2026,6,4,155,20119.8,44.44999999999999,,,,
1.5083410507256616,-42.29202006400603,2025-03-14,0.0,0.0,0.0,0.0,0.0,0,0,GERADO,normal,2025-03-14,2025,3,14,73,0.0,0.0,,,,
-26.0644,-56.28522,2026-06-03,356.33,299.07,11.31,0.39,0.36,60,1,NASA_FIRMS,queimada,2026-06-03,2026,6,3,154,21379.8,57.25999999999999,,,,
2.6851032,-75.3263227,2026-01-21,0.0,0.0,0.0,0.0,0.0,0,0,NASA_EONET,enchente,2026-01-21T20:00:00Z,2026,1,21,21,0.0,0.0,,,,
-20.531769423694385,-44.9151453780096,2024-01-08,0.0,0.0,0.0,0.0,0.0,0,0,GERADO,normal,2024-01-08,2024,1,8,8,0.0,0.0,,,,
8.4993107,-81.4395329373271,2025-10-23,0.0,0.0,0.0,0.0,0.0,0,0,NASA_EONET,enchente,2025-10-23T20:00:00Z,2025,10,23,296,0.0,0.0,,,,
-28.37406,-60.38401,2026-06-04,325.98,287.5,2.8,0.36,0.57,60,1,NASA_FIRMS,queimada,2026-06-04,2026,6,4,155,19558.800000000003,38.48000000000002,,,,
-7.40303,-49.76718,2026-06-04,347.44,302.28,8.36,0.42,0.45,60,1,NASA_FIRMS,queimada,2026-06-04,2026,6,4,155,20846.4,45.160000000000025,,,,
-6.90917,-48.04821,2026-06-05,304.55,289.87,0.89,0.55,0.43,60,0,NASA_FIRMS,queimada,2026-06-05,2026,6,5,156,18273.0,14.680000000000007,,,,
36.4512897,10.7355915,2026-01-18,0.0,0.0,0.0,0.0,0.0,0,0,NASA_EONET,enchente,2026-01-18T20:00:00Z,2026,1,18,18,0.0,0.0,,,,
-17.48633,-59.60959,2026-06-04,336.84,304.78,3.5,0.48,0.48,60,1,NASA_FIRMS,queimada,2026-06-04,2026,6,4,155,20210.399999999998,32.06,,,,
-17.48698,-59.52154,2026-06-05,316.18,289.35,4.19,0.65,0.73,60,0,NASA_FIRMS,queimada,2026-06-05,2026,6,5,156,18970.8,26.829999999999984,,,,
-12.767345816935098,-38.86670931629445,2025-06-05,0.0,0.0,0.0,0.0,0.0,0,0,GERADO,normal,2025-06-05,2025,6,5,156,0.0,0.0,,,,
-7.87142,-46.23674,2026-06-03,337.0,282.34,9.54,0.55,0.68,60,1,NASA_FIRMS,queimada,2026-06-03,2026,6,3,154,20220.0,54.660000000000025,,,,
3.921106910955352,-71.81516018633732,2025-09-20,0.0,0.0,0.0,0.0,0.0,0,0,GERADO,normal,2025-09-20,2025,9,20,263,0.0,0.0,,,,
0.2697781242095018,-45.43400901422761,2025-05-04,0.0,0.0,0.0,0.0,0.0,0,0,GERADO,normal,2025-05-04,2025,5,4,124,0.0,0.0,,,,
-20.25123,-40.24056,2026-06-02,338.62,297.08,33.16,0.49,0.4,60,1,NASA_FIRMS,queimada,2026-06-02,2026,6,2,153,20317.2,41.54000000000002,,,,
-23.13016909513088,-47.8898892982378,2025-06-25,0.0,0.0,0.0,0.0,0.0,0,0,GERADO,normal,2025-06-25,2025,6,25,176,0.0,0.0,,,,
33.712802,71.2678805,2026-05-09,0.0,0.0,0.0,0.0,0.0,0,0,NASA_EONET,enchente,2026-05-09T20:00:00Z,2026,5,9,129,0.0,0.0,,,,
-6.89363,-47.27048,2026-06-04,330.11,297.91,7.26,0.62,0.54,60,1,NASA_FIRMS,queimada,2026-06-04,2026,6,4,155,19806.600000000002,32.19999999999999,,,,
-29.32637,-52.88748,2026-06-03,326.61,294.49,1.62,0.4,0.37,60,1,NASA_FIRMS,queimada,2026-06-03,2026,6,3,154,19596.600000000002,32.120000000000005,,,,
-22.9133784368639,-47.41926839651656,2024-11-21,0.0,0.0,0.0,0.0,0.0,0,0,GERADO,normal,2024-11-21,2024,11,21,326,0.0,0.0,,,,
-30.05446,-59.39976,2026-06-04,330.67,290.62,3.48,0.33,0.55,60,1,NASA_FIRMS,queimada,2026-06-04,2026,6,4,155,19840.2,40.05000000000001,,,,
-12.68254,-65.31384,2026-06-02,334.08,298.24,2.61,0.41,0.37,60,1,NASA_FIRMS,queimada,2026-06-02,2026,6,2,153,20044.8,35.839999999999975,,,,
-17.49223,-59.51637,2026-06-04,349.2,292.21,11.42,0.33,0.55,60,0,NASA_FIRMS,queimada,2026-06-04,2026,6,4,155,20952.0,56.99000000000001,,,,
-9.92492,-48.00193,2026-06-04,302.95,290.82,0.97,0.39,0.36,60,0,NASA_FIRMS,queimada,2026-06-04,2026,6,4,155,18177.0,12.129999999999995,,,,
22.04670975,71.6689616993011,2025-06-15,0.0,0.0,0.0,0.0,0.0,0,0,NASA_EONET,enchente,2025-06-15T20:00:00Z,2025,6,15,166,0.0,0.0,,,,
-27.22634,-60.99252,2026-06-04,349.81,297.79,4.19,0.38,0.59,60,1,NASA_FIRMS,queimada,2026-06-04,2026,6,4,155,20988.6,52.01999999999998,,,,
-1.5515779534071754,-71.02846955908693,2026-09-10,0.0,0.0,0.0,0.0,0.0,0,0,GERADO,normal,2026-09-10,2026,9,10,253,0.0,0.0,,,,
5.513800058270121,-42.76521187695218,2026-09-28,0.0,0.0,0.0,0.0,0.0,0,0,GERADO,normal,2026-09-28,2026,9,28,271,0.0,0.0,,,,
16.3604946,120.6776085,2025-06-21,0.0,0.0,0.0,0.0,0.0,0,0,NASA_EONET,enchente,2025-06-21T20:00:00Z,2025,6,21,172,0.0,0.0,,,,
-23.68107361879968,-41.606559940973405,2024-10-29,0.0,0.0,0.0,0.0,0.0,0,0,GERADO,normal,2024-10-29,2024,10,29,303,0.0,0.0,,,,
-12.52537,-65.93936,2026-06-02,329.67,295.32,5.07,0.43,0.38,60,1,NASA_FIRMS,queimada,2026-06-02,2026,6,2,153,19780.2,34.35000000000002,,,,
-22.67459,-47.40586,2026-06-05,311.87,286.77,1.57,0.38,0.36,60,0,NASA_FIRMS,queimada,2026-06-05,2026,6,5,156,18712.2,25.100000000000023,,,,
35.1733735,3.9276122,2026-04-30,0.0,0.0,0.0,0.0,0.0,0,0,NASA_EONET,enchente,2026-04-30T20:00:00Z,2026,4,30,120,0.0,0.0,,,,
-16.64374,-60.77768,2026-06-04,334.32,300.7,7.0,0.56,0.51,60,1,NASA_FIRMS,queimada,2026-06-04,2026,6,4,155,20059.2,33.620000000000005,,,,
26.8854074,87.9203052,2025-10-03,0.0,0.0,0.0,0.0,0.0,0,0,NASA_EONET,enchente,2025-10-03T20:00:00Z,2025,10,3,276,0.0,0.0,,,,
-26.48239009517526,-70.02612946631245,2026-10-22,0.0,0.0,0.0,0.0,0.0,0,0,GERADO,normal,2026-10-22,2026,10,22,295,0.0,0.0,,,,
-22.063145989773943,-35.936658047904324,2026-12-09,0.0,0.0,0.0,0.0,0.0,0,0,GERADO,normal,2026-12-09,2026,12,9,343,0.0,0.0,,,,
-5.85,13.05,2025-12-09,0.0,0.0,0.0,0.0,0.0,0,0,NASA_EONET,enchente,2025-12-09T20:00:00Z,2025,12,9,343,0.0,0.0,,,,
-12.74067,-54.19653,2026-06-03,353.47,309.04,37.61,0.55,0.42,60,1,NASA_FIRMS,queimada,2026-06-03,2026,6,3,154,21208.2,44.43000000000001,,,,
24.4880817,91.7630179,2026-04-27,0.0,0.0,0.0,0.0,0.0,0,0,NASA_EONET,enchente,2026-04-27T20:00:00Z,2026,4,27,117,0.0,0.0,,,,
-10.98806,-51.23163,2026-06-03,341.68,296.59,6.01,0.6,0.53,60,1,NASA_FIRMS,queimada,2026-06-03,2026,6,3,154,20500.8,45.09000000000003,,,,
-19.91026366492089,-64.11859184142772,2024-12-14,0.0,0.0,0.0,0.0,0.0,0,0,GERADO,normal,2024-12-14,2024,12,14,349,0.0,0.0,,,,
35.66253,134.775418584544,2025-08-06,0.0,0.0,0.0,0.0,0.0,0,0,NASA_EONET,enchente,2025-08-06T20:00:00Z,2025,8,6,218,0.0,0.0,,,,
18.6844927,102.07429,2025-07-01,0.0,0.0,0.0,0.0,0.0,0,0,NASA_EONET,enchente,2025-07-01T20:00:00Z,2025,7,1,182,0.0,0.0,,,,
35.5574725,45.435202,2025-12-08,0.0,0.0,0.0,0.0,0.0,0,0,NASA_EONET,enchente,2025-12-08T20:00:00Z,2025,12,8,342,0.0,0.0,,,,
34.7725375,72.3607712,2025-06-25,0.0,0.0,0.0,0.0,0.0,0,0,NASA_EONET,enchente,2025-06-25T20:00:00Z,2025,6,25,176,0.0,0.0,,,,
-16.47319,-59.34957,2026-06-02,327.4,292.29,6.97,0.46,0.39,60,1,NASA_FIRMS,queimada,2026-06-02,2026,6,2,153,19644.0,35.10999999999996,,,,
39.977713,32.8669801,2025-07-18,0.0,0.0,0.0,0.0,0.0,0,0,NASA_EONET,enchente,2025-07-18T20:00:00Z,2025,7,18,199,0.0,0.0,,,,
-19.74049,-53.54851,2026-06-04,296.25,285.11,2.31,0.42,0.38,60,0,NASA_FIRMS,queimada,2026-06-04,2026,6,4,155,17775.0,11.139999999999986,,,,
-12.43968,-58.48132,2026-06-05,321.82,289.59,3.28,0.52,0.67,60,0,NASA_FIRMS,queimada,2026-06-05,2026,6,5,156,19309.2,32.23000000000002,,,,
-14.09079,-59.39172,2026-06-03,335.88,300.32,4.02,0.39,0.36,60,1,NASA_FIRMS,queimada,2026-06-03,2026,6,3,154,20152.8,35.56,,,,
-13.591946968251449,-46.732517465584806,2025-09-25,0.0,0.0,0.0,0.0,0.0,0,0,GERADO,normal,2025-09-25,2025,9,25,268,0.0,0.0,,,,
-16.59513,-58.23961,2026-06-04,341.85,304.13,15.64,0.38,0.44,60,1,NASA_FIRMS,queimada,2026-06-04,2026,6,4,155,20511.0,37.72000000000003,,,,
2.628426343763664,-41.85457407570699,2026-08-10,0.0,0.0,0.0,0.0,0.0,0,0,GERADO,normal,2026-08-10,2026,8,10,222,0.0,0.0,,,,
42.51333,-8.7537606,2026-04-27,0.0,0.0,0.0,0.0,0.0,0,0,NASA_EONET,enchente,2026-04-27T20:00:00Z,2026,4,27,117,0.0,0.0,,,,
-29.19069,-57.39238,2026-06-02,335.95,295.05,10.26,0.41,0.37,60,1,NASA_FIRMS,queimada,2026-06-02,2026,6,2,153,20157.0,40.89999999999998,,,,
-8.48115,-46.27341,2026-06-05,314.07,290.99,1.65,0.43,0.38,60,0,NASA_FIRMS,queimada,2026-06-05,2026,6,5,156,18844.2,23.079999999999984,,,,
15.8649341,-5.9488454,2025-08-14,0.0,0.0,0.0,0.0,0.0,0,0,NASA_EONET,enchente,2025-08-14T20:00:00Z,2025,8,14,226,0.0,0.0,,,,
-28.3069,-55.8559,2026-06-03,367.0,299.01,10.43,0.39,0.36,90,1,NASA_FIRMS,queimada,2026-06-03,2026,6,3,154,33030.0,67.99000000000001,,,,
-18.14715,-62.65503,2026-06-05,308.35,288.96,2.68,0.32,0.55,60,0,NASA_FIRMS,queimada,2026-06-05,2026,6,5,156,18501.0,19.390000000000043,,,,
31.2985667,34.926782,2025-11-23,0.0,0.0,0.0,0.0,0.0,0,0,NASA_EONET,enchente,2025-11-23T20:00:00Z,2025,11,23,327,0.0,0.0,,,,
10.4260093,-67.034697,2026-04-10,0.0,0.0,0.0,0.0,0.0,0,0,NASA_EONET,enchente,2026-04-10T20:00:00Z,2026,4,10,100,0.0,0.0,,,,
-33.159296242705665,-34.44829031552056,2024-05-28,0.0,0.0,0.0,0.0,0.0,0,0,GERADO,normal,2024-05-28,2024,5,28,149,0.0,0.0,,,,
-2.288717462640985,-58.42282228493047,2024-06-14,0.0,0.0,0.0,0.0,0.0,0,0,GERADO,normal,2024-06-14,2024,6,14,166,0.0,0.0,,,,
-16.16619,-59.31797,2026-06-03,339.8,302.13,4.77,0.4,0.37,60,1,NASA_FIRMS,queimada,2026-06-03,2026,6,3,154,20388.0,37.670000000000016,,,,
-7.32738,-71.81809,2026-06-02,325.52,292.21,4.83,0.53,0.5,60,1,NASA_FIRMS,queimada,2026-06-02,2026,6,2,153,19531.199999999997,33.31,,,,
18.9858239,103.652962951967,2025-08-24,0.0,0.0,0.0,0.0,0.0,0,0,NASA_EONET,enchente,2025-08-24T20:00:00Z,2025,8,24,236,0.0,0.0,,,,
37.9775416,-0.6828446,2025-10-08,0.0,0.0,0.0,0.0,0.0,0,0,NASA_EONET,enchente,2025-10-08T20:00:00Z,2025,10,8,281,0.0,0.0,,,,
-12.73349,-54.74472,2026-06-04,336.15,302.32,3.25,0.39,0.36,60,1,NASA_FIRMS,queimada,2026-06-04,2026,6,4,155,20169.0,33.829999999999984,,,,
-22.511406761882668,-53.79151370417883,2026-04-19,0.0,0.0,0.0,0.0,0.0,0,0,GERADO,normal,2026-04-19,2026,4,19,109,0.0,0.0,,,,
-5.474959118779129,-56.71562598298506,2024-06-13,0.0,0.0,0.0,0.0,0.0,0,0,GERADO,normal,2024-06-13,2024,6,13,165,0.0,0.0,,,,
-17.49807,-59.50875,2026-06-03,309.92,291.34,1.3,0.5,0.41,60,0,NASA_FIRMS,queimada,2026-06-03,2026,6,3,154,18595.2,18.58000000000004,,,,
40.8358846,14.2487679,2025-07-04,0.0,0.0,0.0,0.0,0.0,0,0,NASA_EONET,enchente,2025-07-04T20:00:00Z,2025,7,4,185,0.0,0.0,,,,
-30.60526361217684,-69.2495608555065,2025-08-05,0.0,0.0,0.0,0.0,0.0,0,0,GERADO,normal,2025-08-05,2025,8,5,217,0.0,0.0,,,,
-17.50214,-59.52304,2026-06-03,335.49,302.69,47.5,0.41,0.37,60,1,NASA_FIRMS,queimada,2026-06-03,2026,6,3,154,20129.4,32.80000000000001,,,,
45.7954068,22.9452430460092,2025-08-15,0.0,0.0,0.0,0.0,0.0,0,0,NASA_EONET,enchente,2025-08-15T20:00:00Z,2025,8,15,227,0.0,0.0,,,,
46.0436327,13.5313006,2025-11-15,0.0,0.0,0.0,0.0,0.0,0,0,NASA_EONET,enchente,2025-11-15T20:00:00Z,2025,11,15,319,0.0,0.0,,,,
-24.63237596528136,-69.73133190788623,2026-03-24,0.0,0.0,0.0,0.0,0.0,0,0,GERADO,normal,2026-03-24,2026,3,24,83,0.0,0.0,,,,
-22.22447,-57.4072,2026-06-03,345.07,298.95,9.97,0.39,0.36,60,1,NASA_FIRMS,queimada,2026-06-03,2026,6,3,154,20704.2,46.120000000000005,,,,
6.7002854,124.7381005,2025-09-07,0.0,0.0,0.0,0.0,0.0,0,0,NASA_EONET,enchente,2025-09-07T20:00:00Z,2025,9,7,250,0.0,0.0,,,,
6.2432123,-75.6202596,2025-12-06,0.0,0.0,0.0,0.0,0.0,0,0,NASA_EONET,enchente,2025-12-06T20:00:00Z,2025,12,6,340,0.0,0.0,,,,
-26.057264441428025,-40.68054590343488,2026-10-04,0.0,0.0,0.0,0.0,0.0,0,0,GERADO,normal,2026-10-04,2026,10,4,277,0.0,0.0,,,,
-12.51302,-48.2748,2026-06-05,305.7,291.22,1.04,0.48,0.4,60,0,NASA_FIRMS,queimada,2026-06-05,2026,6,5,156,18342.0,14.479999999999961,,,,
-11.2633,-53.9682,2026-06-03,311.51,290.35,0.8,0.38,0.36,60,0,NASA_FIRMS,queimada,2026-06-03,2026,6,3,154,18690.6,21.159999999999968,,,,
-20.53807,-60.41941,2026-06-05,305.17,289.75,1.41,0.48,0.65,60,0,NASA_FIRMS,queimada,2026-06-05,2026,6,5,156,18310.2,15.420000000000016,,,,
32.7683909,-117.1715,2025-12-31,0.0,0.0,0.0,0.0,0.0,0,0,NASA_EONET,enchente,2025-12-31T20:00:00Z,2025,12,31,365,0.0,0.0,,,,
-17.48335,-59.52567,2026-06-03,300.39,289.96,1.1,0.51,0.41,60,0,NASA_FIRMS,queimada,2026-06-03,2026,6,3,154,18023.399999999998,10.430000000000007,,,,
-18.99507,-58.07443,2026-06-05,314.09,287.57,1.87,0.49,0.65,60,0,NASA_FIRMS,queimada,2026-06-05,2026,6,5,156,18845.399999999998,26.519999999999982,,,,
-8.72216,-47.47127,2026-06-03,345.3,292.23,12.64,0.68,0.74,60,1,NASA_FIRMS,queimada,2026-06-03,2026,6,3,154,20718.0,53.06999999999999,,,,
50.4654552,17.3611815972178,2025-07-26,0.0,0.0,0.0,0.0,0.0,0,0,NASA_EONET,enchente,2025-07-26T20:00:00Z,2025,7,26,207,0.0,0.0,,,,
-16.47358,-59.33907,2026-06-03,299.41,284.28,1.43,0.51,0.41,60,0,NASA_FIRMS,queimada,2026-06-03,2026,6,3,154,17964.600000000002,15.130000000000052,,,,
-11.57769,-54.58155,2026-06-05,328.85,288.96,2.19,0.41,0.61,60,0,NASA_FIRMS,queimada,2026-06-05,2026,6,5,156,19731.0,39.89000000000004,,,,
-19.520187906532207,-49.91291108642778,2025-07-19,0.0,0.0,0.0,0.0,0.0,0,0,GERADO,normal,2025-07-19,2025,7,19,200,0.0,0.0,,,,
-29.95375537449643,-47.77919056675398,2026-05-16,0.0,0.0,0.0,0.0,0.0,0,0,GERADO,normal,2026-05-16,2026,5,16,136,0.0,0.0,,,,
-16.89444,-46.7885,2026-06-04,352.8,303.77,7.44,0.45,0.47,60,1,NASA_FIRMS,queimada,2026-06-04,2026,6,4,155,21168.0,49.03000000000003,,,,
-13.71894339599064,-36.81029624502117,2026-12-27,0.0,0.0,0.0,0.0,0.0,0,0,GERADO,normal,2026-12-27,2026,12,27,361,0.0,0.0,,,,
41.9801648,12.7667971,2026-02-05,0.0,0.0,0.0,0.0,0.0,0,0,NASA_EONET,enchente,2026-02-05T20:00:00Z,2026,2,5,36,0.0,0.0,,,,
41.1224691,41.1236581,2025-09-19,0.0,0.0,0.0,0.0,0.0,0,0,NASA_EONET,enchente,2025-09-19T20:00:00Z,2025,9,19,262,0.0,0.0,,,,
5.62525,-69.09413,2026-06-02,345.54,294.57,42.36,0.4,0.37,60,1,NASA_FIRMS,queimada,2026-06-02,2026,6,2,153,20732.4,50.97000000000003,,,,
-3.661733488335464,-49.81214063514852,2024-08-03,0.0,0.0,0.0,0.0,0.0,0,0,GERADO,normal,2024-08-03,2024,8,3,216,0.0,0.0,,,,
-19.8711,-45.69973,2026-06-04,336.45,294.9,2.08,0.47,0.47,60,1,NASA_FIRMS,queimada,2026-06-04,2026,6,4,155,20187.0,41.55000000000001,,,,
3.498536131396065,-61.24345952163424,2025-07-14,0.0,0.0,0.0,0.0,0.0,0,0,GERADO,normal,2025-07-14,2025,7,14,195,0.0,0.0,,,,
13.8284014,100.5683792,2025-12-02,0.0,0.0,0.0,0.0,0.0,0,0,NASA_EONET,enchente,2025-12-02T20:00:00Z,2025,12,2,336,0.0,0.0,,,,
-18.709655865118588,-34.024604567297885,2025-03-06,0.0,0.0,0.0,0.0,0.0,0,0,GERADO,normal,2025-03-06,2025,3,6,65,0.0,0.0,,,,
-13.09792310833096,-56.43149612477747,2024-06-15,0.0,0.0,0.0,0.0,0.0,0,0,GERADO,normal,2024-06-15,2024,6,15,167,0.0,0.0,,,,
-17.49919,-59.55112,2026-06-03,347.69,306.67,12.21,0.41,0.37,60,1,NASA_FIRMS,queimada,2026-06-03,2026,6,3,154,20861.4,41.01999999999998,,,,
-16.65831,-59.64989,2026-06-04,299.83,289.36,0.56,0.34,0.56,60,0,NASA_FIRMS,queimada,2026-06-04,2026,6,4,155,17989.8,10.46999999999997,,,,
48.1864937,6.4607293,2025-07-25,0.0,0.0,0.0,0.0,0.0,0,0,NASA_EONET,enchente,2025-07-25T09:00:00Z,2025,7,25,206,0.0,0.0,,,,
-15.456165501263447,-73.3308058013068,2026-09-25,0.0,0.0,0.0,0.0,0.0,0,0,GERADO,normal,2026-09-25,2026,9,25,268,0.0,0.0,,,,
-2.963117509396696,-57.85985784431583,2024-03-20,0.0,0.0,0.0,0.0,0.0,0,0,GERADO,normal,2024-03-20,2024,3,20,80,0.0,0.0,,,,
9.4477221,-83.6340208,2025-11-14,0.0,0.0,0.0,0.0,0.0,0,0,NASA_EONET,enchente,2025-11-14T20:00:00Z,2025,11,14,318,0.0,0.0,,,,
-2.9493766,25.9184499,2026-01-26,0.0,0.0,0.0,0.0,0.0,0,0,NASA_EONET,enchente,2026-01-26T20:00:00Z,2026,1,26,26,0.0,0.0,,,,
-30.23563,-63.03185,2026-06-02,328.95,289.98,3.26,0.47,0.4,60,1,NASA_FIRMS,queimada,2026-06-02,2026,6,2,153,19737.0,38.96999999999997,,,,
40.8937312,21.1392447,2025-08-16,0.0,0.0,0.0,0.0,0.0,0,0,NASA_EONET,enchente,2025-08-16T20:00:00Z,2025,8,16,228,0.0,0.0,,,,
-11.61906,-55.17919,2026-06-02,337.23,305.92,6.14,0.33,0.55,60,1,NASA_FIRMS,queimada,2026-06-02,2026,6,2,153,20233.800000000003,31.310000000000002,,,,
-21.1425998,148.6367359,2026-01-10,0.0,0.0,0.0,0.0,0.0,0,0,NASA_EONET,enchente,2026-01-10T20:00:00Z,2026,1,10,10,0.0,0.0,,,,
37.7476964,-25.6726969554131,2025-10-23,0.0,0.0,0.0,0.0,0.0,0,0,NASA_EONET,enchente,2025-10-23T20:00:00Z,2025,10,23,296,0.0,0.0,,,,
2.75361388200907,-35.58089045321268,2025-05-04,0.0,0.0,0.0,0.0,0.0,0,0,GERADO,normal,2025-05-04,2025,5,4,124,0.0,0.0,,,,
5.26328683782143,100.484523263748,2025-10-23,0.0,0.0,0.0,0.0,0.0,0,0,NASA_EONET,enchente,2025-10-23T20:00:00Z,2025,10,23,296,0.0,0.0,,,,
-7.61602,-41.47565,2026-06-03,336.34,302.64,3.28,0.51,0.5,60,1,NASA_FIRMS,queimada,2026-06-03,2026,6,3,154,20180.399999999998,33.69999999999999,,,,
21.0098281,105.8514938,2025-10-25,0.0,0.0,0.0,0.0,0.0,0,0,NASA_EONET,enchente,2025-10-25T20:00:00Z,2025,10,25,298,0.0,0.0,,,,
41.5539761,19.636388,2025-11-17,0.0,0.0,0.0,0.0,0.0,0,0,NASA_EONET,enchente,2025-11-17T20:00:00Z,2025,11,17,321,0.0,0.0,,,,
-16.50253,-59.81039,2026-06-03,332.27,302.78,2.31,0.41,0.37,30,1,NASA_FIRMS,queimada,2026-06-03,2026,6,3,154,9968.099999999999,29.49000000000001,,,,
-28.85328,-50.14104,2026-06-03,330.53,295.46,3.64,0.51,0.41,60,1,NASA_FIRMS,queimada,2026-06-03,2026,6,3,154,19831.8,35.06999999999999,,,,
-27.51512614442718,-58.439757006635006,2024-06-05,0.0,0.0,0.0,0.0,0.0,0,0,GERADO,normal,2024-06-05,2024,6,5,157,0.0,0.0,,,,
37.7129162,27.2265565,2026-01-21,0.0,0.0,0.0,0.0,0.0,0,0,NASA_EONET,enchente,2026-01-21T20:00:00Z,2026,1,21,21,0.0,0.0,,,,
65.5215221,-14.0497101,2025-09-25,0.0,0.0,0.0,0.0,0.0,0,0,NASA_EONET,enchente,2025-09-25T20:00:00Z,2025,9,25,268,0.0,0.0,,,,
-20.333115717222807,-48.03405265165884,2024-11-15,0.0,0.0,0.0,0.0,0.0,0,0,GERADO,normal,2024-11-15,2024,11,15,320,0.0,0.0,,,,
-18.53878,-58.58768,2026-06-03,348.67,306.63,4.83,0.39,0.36,60,1,NASA_FIRMS,queimada,2026-06-03,2026,6,3,154,20920.2,42.04000000000002,,,,
43.2517647,2.5529093,2025-12-14,0.0,0.0,0.0,0.0,0.0,0,0,NASA_EONET,enchente,2025-12-14T20:00:00Z,2025,12,14,348,0.0,0.0,,,,
-20.901280476142517,-46.98924732194961,2024-02-13,0.0,0.0,0.0,0.0,0.0,0,0,GERADO,normal,2024-02-13,2024,2,13,44,0.0,0.0,,,,
-5.257654328206815,-55.601407752631616,2025-10-18,0.0,0.0,0.0,0.0,0.0,0,0,GERADO,normal,2025-10-18,2025,10,18,291,0.0,0.0,,,,
35.5197516,44.6089201600124,2025-12-25,0.0,0.0,0.0,0.0,0.0,0,0,NASA_EONET,enchente,2025-12-25T20:00:00Z,2025,12,25,359,0.0,0.0,,,,
-3.98571,-47.93232,2026-06-05,311.06,288.32,1.08,0.4,0.44,60,0,NASA_FIRMS,queimada,2026-06-05,2026,6,5,156,18663.6,22.74000000000001,,,,
-17.48732,-59.51751,2026-06-03,342.73,311.38,45.15,0.41,0.37,60,1,NASA_FIRMS,queimada,2026-06-03,2026,6,3,154,20563.800000000003,31.350000000000023,,,,
-28.11338,-56.50645,2026-06-02,345.76,286.37,10.03,0.45,0.39,60,1,NASA_FIRMS,queimada,2026-06-02,2026,6,2,153,20745.6,59.389999999999986,,,,
-14.76809,-52.6817,2026-06-03,347.55,301.08,6.84,0.42,0.45,60,1,NASA_FIRMS,queimada,2026-06-03,2026,6,3,154,20853.0,46.47000000000003,,,,
12.8776762,14.2969767,2025-06-18,0.0,0.0,0.0,0.0,0.0,0,0,NASA_EONET,enchente,2025-06-18T07:00:00Z,2025,6,18,169,0.0,0.0,,,,
-20.7553428048538,-40.34386073914158,2026-09-15,0.0,0.0,0.0,0.0,0.0,0,0,GERADO,normal,2026-09-15,2026,9,15,258,0.0,0.0,,,,
-26.936711475207822,-56.97169289333761,2025-05-18,0.0,0.0,0.0,0.0,0.0,0,0,GERADO,normal,2025-05-18,2025,5,18,138,0.0,0.0,,,,
36.1828564,-5.4139754,2026-01-15,0.0,0.0,0.0,0.0,0.0,0,0,NASA_EONET,enchente,2026-01-15T20:00:00Z,2026,1,15,15,0.0,0.0,,,,
18.1527906,101.7201742,2025-08-08,0.0,0.0,0.0,0.0,0.0,0,0,NASA_EONET,enchente,2025-08-08T08:00:00Z,2025,8,8,220,0.0,0.0,,,,
-8.58792,-61.50266,2026-06-03,346.69,302.79,4.58,0.41,0.37,60,1,NASA_FIRMS,queimada,2026-06-03,2026,6,3,154,20801.4,43.89999999999998,,,,
49.19692,17.6460916358451,2025-07-20,0.0,0.0,0.0,0.0,0.0,0,0,NASA_EONET,enchente,2025-07-20T20:00:00Z,2025,7,20,201,0.0,0.0,,,,
4.484075630563368,-53.26453931478754,2025-08-02,0.0,0.0,0.0,0.0,0.0,0,0,GERADO,normal,2025-08-02,2025,8,2,214,0.0,0.0,,,,
-30.16762,-52.9236,2026-06-04,338.98,296.3,4.35,0.45,0.39,60,1,NASA_FIRMS,queimada,2026-06-04,2026,6,4,155,20338.800000000003,42.68000000000001,,,,
-16.89802,-60.36805,2026-06-03,305.6,289.83,1.64,0.57,0.43,60,0,NASA_FIRMS,queimada,2026-06-03,2026,6,3,154,18336.0,15.770000000000039,,,,
-4.950491583658163,-68.91977099503058,2024-12-09,0.0,0.0,0.0,0.0,0.0,0,0,GERADO,normal,2024-12-09,2024,12,9,344,0.0,0.0,,,,
-2.9390885227408567,-59.30633878592436,2025-02-02,0.0,0.0,0.0,0.0,0.0,0,0,GERADO,normal,2025-02-02,2025,2,2,33,0.0,0.0,,,,
44.6781929,16.1313593,2025-08-16,0.0,0.0,0.0,0.0,0.0,0,0,NASA_EONET,enchente,2025-08-16T20:00:00Z,2025,8,16,228,0.0,0.0,,,,
-12.391493576428353,-62.75310297367732,2026-05-14,0.0,0.0,0.0,0.0,0.0,0,0,GERADO,normal,2026-05-14,2026,5,14,134,0.0,0.0,,,,
37.8948267,127.2007295,2025-08-11,0.0,0.0,0.0,0.0,0.0,0,0,NASA_EONET,enchente,2025-08-11T20:00:00Z,2025,8,11,223,0.0,0.0,,,,
-13.114091510689844,-35.37111836818172,2025-12-17,0.0,0.0,0.0,0.0,0.0,0,0,GERADO,normal,2025-12-17,2025,12,17,351,0.0,0.0,,,,
-1.2689967,36.9915483,2026-02-16,0.0,0.0,0.0,0.0,0.0,0,0,NASA_EONET,enchente,2026-02-16T20:00:00Z,2026,2,16,47,0.0,0.0,,,,
-17.027146440718823,-46.67924639436536,2026-12-23,0.0,0.0,0.0,0.0,0.0,0,0,GERADO,normal,2026-12-23,2026,12,23,357,0.0,0.0,,,,
10.6221761,-75.1411648516326,2025-06-21,0.0,0.0,0.0,0.0,0.0,0,0,NASA_EONET,enchente,2025-06-21T20:00:00Z,2025,6,21,172,0.0,0.0,,,,
-7.37042,-41.31309,2026-06-03,336.61,300.83,16.78,0.5,0.49,60,1,NASA_FIRMS,queimada,2026-06-03,2026,6,3,154,20196.600000000002,35.78000000000003,,,,
-12.09264,-51.98655,2026-06-04,347.19,307.46,18.19,0.42,0.38,60,1,NASA_FIRMS,queimada,2026-06-04,2026,6,4,155,20831.4,39.73000000000002,,,,
-3.6645095891867774,-50.33433864427047,2024-10-05,0.0,0.0,0.0,0.0,0.0,0,0,GERADO,normal,2024-10-05,2024,10,5,279,0.0,0.0,,,,
-11.74295,-54.7896,2026-06-03,336.25,308.79,11.37,0.52,0.42,30,1,NASA_FIRMS,queimada,2026-06-03,2026,6,3,154,10087.5,27.45999999999998,,,,
-14.13558,-64.61912,2026-06-04,334.82,295.28,5.96,0.46,0.64,60,1,NASA_FIRMS,queimada,2026-06-04,2026,6,4,155,20089.2,39.54000000000002,,,,
-11.27253,-53.96574,2026-06-04,344.09,304.48,5.23,0.39,0.36,60,1,NASA_FIRMS,queimada,2026-06-04,2026,6,4,155,20645.399999999998,39.60999999999996,,,,
-17.49664,-59.49644,2026-06-05,347.99,291.26,5.4,0.51,0.66,60,0,NASA_FIRMS,queimada,2026-06-05,2026,6,5,156,20879.4,56.73000000000002,,,,
51.3331205,6.5623343,2026-05-01,0.0,0.0,0.0,0.0,0.0,0,0,NASA_EONET,enchente,2026-05-01T20:00:00Z,2026,5,1,121,0.0,0.0,,,,
-17.541166014362418,-63.92192631709486,2026-10-20,0.0,0.0,0.0,0.0,0.0,0,0,GERADO,normal,2026-10-20,2026,10,20,293,0.0,0.0,,,,
-0.2152175564321226,-49.908159798695486,2024-03-02,0.0,0.0,0.0,0.0,0.0,0,0,GERADO,normal,2024-03-02,2024,3,2,62,0.0,0.0,,,,
-25.46774639038789,-49.97362572144617,2025-10-28,0.0,0.0,0.0,0.0,0.0,0,0,GERADO,normal,2025-10-28,2025,10,28,301,0.0,0.0,,,,
-33.25825,-60.2871,2026-06-02,328.71,284.19,4.16,0.41,0.37,60,1,NASA_FIRMS,queimada,2026-06-02,2026,6,2,153,19722.6,44.51999999999998,,,,
-23.31618885862537,-50.45975751972494,2026-03-06,0.0,0.0,0.0,0.0,0.0,0,0,GERADO,normal,2026-03-06,2026,3,6,65,0.0,0.0,,,,
-20.06742846953169,-52.427014290191,2025-05-28,0.0,0.0,0.0,0.0,0.0,0,0,GERADO,normal,2025-05-28,2025,5,28,148,0.0,0.0,,,,
36.19924,37.1637253,2026-01-29,0.0,0.0,0.0,0.0,0.0,0,0,NASA_EONET,enchente,2026-01-29T08:00:00Z,2026,1,29,29,0.0,0.0,,,,
-6.2678204,14.2417957,2025-11-05,0.0,0.0,0.0,0.0,0.0,0,0,NASA_EONET,enchente,2025-11-05T20:00:00Z,2025,11,5,309,0.0,0.0,,,,
-13.66646,-47.76315,2026-06-05,303.71,289.91,0.77,0.44,0.38,60,0,NASA_FIRMS,queimada,2026-06-05,2026,6,5,156,18222.6,13.799999999999955,,,,
-4.879580384948969,-66.88183123244258,2025-06-22,0.0,0.0,0.0,0.0,0.0,0,0,GERADO,normal,2025-06-22,2025,6,22,173,0.0,0.0,,,,
-17.421527430003767,-43.06071416882122,2024-07-31,0.0,0.0,0.0,0.0,0.0,0,0,GERADO,normal,2024-07-31,2024,7,31,213,0.0,0.0,,,,
42.4084817,8.647919,2025-10-21,0.0,0.0,0.0,0.0,0.0,0,0,NASA_EONET,enchente,2025-10-21T20:00:00Z,2025,10,21,294,0.0,0.0,,,,
46.69243,24.1938602,2026-01-25,0.0,0.0,0.0,0.0,0.0,0,0,NASA_EONET,enchente,2026-01-25T20:00:00Z,2026,1,25,25,0.0,0.0,,,,
40.0933379,9.5080494,2026-01-18,0.0,0.0,0.0,0.0,0.0,0,0,NASA_EONET,enchente,2026-01-18T20:00:00Z,2026,1,18,18,0.0,0.0,,,,
-7.431235094520556,-52.354289808158015,2024-02-29,0.0,0.0,0.0,0.0,0.0,0,0,GERADO,normal,2024-02-29,2024,2,29,60,0.0,0.0,,,,
-30.43758,-51.47841,2026-06-04,327.39,294.75,1.55,0.4,0.37,60,1,NASA_FIRMS,queimada,2026-06-04,2026,6,4,155,19643.399999999998,32.639999999999986,,,,
41.0531134,-82.7262958,2026-03-29,0.0,0.0,0.0,0.0,0.0,0,0,NASA_EONET,enchente,2026-03-29T20:00:00Z,2026,3,29,88,0.0,0.0,,,,
7.8771833,80.6625544,2025-11-27,0.0,0.0,0.0,0.0,0.0,0,0,NASA_EONET,enchente,2025-11-27T20:00:00Z,2025,11,27,331,0.0,0.0,,,,
-7.1219366,-36.7246845,2025-08-13,0.0,0.0,0.0,0.0,0.0,0,0,NASA_EONET,enchente,2025-08-13T20:00:00Z,2025,8,13,225,0.0,0.0,,,,
32.4833738,21.4096623,2025-11-04,0.0,0.0,0.0,0.0,0.0,0,0,NASA_EONET,enchente,2025-11-04T20:00:00Z,2025,11,4,308,0.0,0.0,,,,
-6.937198530316046,-52.55543845612048,2025-01-22,0.0,0.0,0.0,0.0,0.0,0,0,GERADO,normal,2025-01-22,2025,1,22,22,0.0,0.0,,,,
-31.21069562173844,-60.43461535402507,2025-10-23,0.0,0.0,0.0,0.0,0.0,0,0,GERADO,normal,2025-10-23,2025,10,23,296,0.0,0.0,,,,
49.530557,-96.69342,2025-09-10,0.0,0.0,0.0,0.0,0.0,0,0,NASA_EONET,enchente,2025-09-10T20:00:00Z,2025,9,10,253,0.0,0.0,,,,
-14.16303,-58.891,2026-06-02,342.72,299.14,14.21,0.52,0.42,60,1,NASA_FIRMS,queimada,2026-06-02,2026,6,2,153,20563.2,43.58000000000004,,,,
8.7509361,-75.8786806,2025-08-15,0.0,0.0,0.0,0.0,0.0,0,0,NASA_EONET,enchente,2025-08-15T20:00:00Z,2025,8,15,227,0.0,0.0,,,,
-14.240865118511032,-72.26491445414577,2024-09-29,0.0,0.0,0.0,0.0,0.0,0,0,GERADO,normal,2024-09-29,2024,9,29,273,0.0,0.0,,,,
-22.910832,-68.2001376,2026-01-22,0.0,0.0,0.0,0.0,0.0,0,0,NASA_EONET,enchente,2026-01-22T20:00:00Z,2026,1,22,22,0.0,0.0,,,,
-7.64269,-36.86597,2026-06-03,327.88,293.31,2.16,0.42,0.38,60,1,NASA_FIRMS,queimada,2026-06-03,2026,6,3,154,19672.8,34.56999999999999,,,,
46.5221445,16.1312973,2026-06-02,0.0,0.0,0.0,0.0,0.0,0,0,NASA_EONET,enchente,2026-06-02T20:00:00Z,2026,6,2,153,0.0,0.0,,,,
19.058468,-70.1533738,2026-04-24,0.0,0.0,0.0,0.0,0.0,0,0,NASA_EONET,enchente,2026-04-24T20:00:00Z,2026,4,24,114,0.0,0.0,,,,
-24.63556,-42.41087,2026-06-05,313.35,291.6,1.76,0.57,0.43,60,0,NASA_FIRMS,queimada,2026-06-05,2026,6,5,156,18801.0,21.75,,,,
-9.46495,-46.0521,2026-06-03,330.38,290.87,64.9,0.7,0.75,60,1,NASA_FIRMS,queimada,2026-06-03,2026,6,3,154,19822.8,39.50999999999999,,,,
-8.6868473,115.1848465,2025-09-08,0.0,0.0,0.0,0.0,0.0,0,0,NASA_EONET,enchente,2025-09-08T20:00:00Z,2025,9,8,251,0.0,0.0,,,,
48.5763619,-3.1339195,2025-09-19,0.0,0.0,0.0,0.0,0.0,0,0,NASA_EONET,enchente,2025-09-19T20:00:00Z,2025,9,19,262,0.0,0.0,,,,
40.123264,70.6134164,2026-04-30,0.0,0.0,0.0,0.0,0.0,0,0,NASA_EONET,enchente,2026-04-30T20:00:00Z,2026,4,30,120,0.0,0.0,,,,
17.32517825,-92.6343042361831,2025-11-09,0.0,0.0,0.0,0.0,0.0,0,0,NASA_EONET,enchente,2025-11-09T20:00:00Z,2025,11,9,313,0.0,0.0,,,,
-17.71765,-59.92392,2026-06-04,326.71,299.43,4.5,0.51,0.49,60,1,NASA_FIRMS,queimada,2026-06-04,2026,6,4,155,19602.6,27.279999999999973,,,,
-6.679900488579587,-53.66650287467488,2026-01-10,0.0,0.0,0.0,0.0,0.0,0,0,GERADO,normal,2026-01-10,2026,1,10,10,0.0,0.0,,,,
-29.668391,-52.789495,2025-06-14,0.0,0.0,0.0,0.0,0.0,0,0,NASA_EONET,enchente,2025-06-14T20:00:00Z,2025,6,14,165,0.0,0.0,,,,
45.3981666,16.4955111,2025-07-25,0.0,0.0,0.0,0.0,0.0,0,0,NASA_EONET,enchente,2025-07-25T20:00:00Z,2025,7,25,206,0.0,0.0,,,,
41.8242785,46.2738235,2025-10-09,0.0,0.0,0.0,0.0,0.0,0,0,NASA_EONET,enchente,2025-10-09T08:00:00Z,2025,10,9,282,0.0,0.0,,,,
-4.144179069875008,-72.01970003357103,2024-09-09,0.0,0.0,0.0,0.0,0.0,0,0,GERADO,normal,2024-09-09,2024,9,9,253,0.0,0.0,,,,
-10.44975,-47.94788,2026-06-02,330.52,302.14,5.16,0.37,0.58,30,1,NASA_FIRMS,queimada,2026-06-02,2026,6,2,153,9915.599999999999,28.379999999999995,,,,
4.9297352896431335,-55.07496753166939,2026-11-26,0.0,0.0,0.0,0.0,0.0,0,0,GERADO,normal,2026-11-26,2026,11,26,330,0.0,0.0,,,,
-19.874368870370485,-56.25259508117553,2024-03-04,0.0,0.0,0.0,0.0,0.0,0,0,GERADO,normal,2024-03-04,2024,3,4,64,0.0,0.0,,,,
-15.59163,-53.91197,2026-06-04,335.72,303.13,3.62,0.39,0.36,60,1,NASA_FIRMS,queimada,2026-06-04,2026,6,4,155,20143.2,32.59000000000003,,,,
-0.7542272791067859,-46.38372184029727,2025-06-04,0.0,0.0,0.0,0.0,0.0,0,0,GERADO,normal,2025-06-04,2025,6,4,155,0.0,0.0,,,,
-20.462299477449804,-35.07943304892283,2024-01-05,0.0,0.0,0.0,0.0,0.0,0,0,GERADO,normal,2024-01-05,2024,1,5,5,0.0,0.0,,,,
-28.21544,-56.42606,2026-06-03,331.54,296.84,2.83,0.4,0.37,60,1,NASA_FIRMS,queimada,2026-06-03,2026,6,3,154,19892.4,34.700000000000045,,,,
-4.855065548965648,-37.54291222039439,2024-01-09,0.0,0.0,0.0,0.0,0.0,0,0,GERADO,normal,2024-01-09,2024,1,9,9,0.0,0.0,,,,
-27.62137140543588,-66.71015481002053,2024-01-05,0.0,0.0,0.0,0.0,0.0,0,0,GERADO,normal,2024-01-05,2024,1,5,5,0.0,0.0,,,,
35.1300205,4.2003107,2025-09-22,0.0,0.0,0.0,0.0,0.0,0,0,NASA_EONET,enchente,2025-09-22T20:00:00Z,2025,9,22,265,0.0,0.0,,,,
-6.278390197419444,-41.36349424679453,2024-05-16,0.0,0.0,0.0,0.0,0.0,0,0,GERADO,normal,2024-05-16,2024,5,16,137,0.0,0.0,,,,
-30.61792,-52.74295,2026-06-04,345.22,296.6,9.5,0.44,0.39,60,1,NASA_FIRMS,queimada,2026-06-04,2026,6,4,155,20713.2,48.620000000000005,,,,
2.4362462431564467,-46.149741866544666,2025-07-09,0.0,0.0,0.0,0.0,0.0,0,0,GERADO,normal,2025-07-09,2025,7,9,190,0.0,0.0,,,,
-16.37906,-59.585,2026-06-04,313.62,290.61,1.47,0.35,0.56,60,0,NASA_FIRMS,queimada,2026-06-04,2026,6,4,155,18817.2,23.00999999999999,,,,
-17.48612,-59.53346,2026-06-03,345.21,304.34,11.66,0.41,0.37,60,1,NASA_FIRMS,queimada,2026-06-03,2026,6,3,154,20712.6,40.870000000000005,,,,
59.5591252,10.1531702,2025-10-03,0.0,0.0,0.0,0.0,0.0,0,0,NASA_EONET,enchente,2025-10-03T20:00:00Z,2025,10,3,276,0.0,0.0,,,,
-10.61443,-46.71447,2026-06-04,314.71,289.37,1.13,0.42,0.38,60,0,NASA_FIRMS,queimada,2026-06-04,2026,6,4,155,18882.6,25.339999999999975,,,,
-23.243122560653937,-34.405466678380414,2024-06-24,0.0,0.0,0.0,0.0,0.0,0,0,GERADO,normal,2024-06-24,2024,6,24,176,0.0,0.0,,,,
41.3952948,23.2067832,2025-11-20,0.0,0.0,0.0,0.0,0.0,0,0,NASA_EONET,enchente,2025-11-20T20:00:00Z,2025,11,20,324,0.0,0.0,,,,
1.6220942,103.4352428,2026-05-15,0.0,0.0,0.0,0.0,0.0,0,0,NASA_EONET,enchente,2026-05-15T20:00:00Z,2026,5,15,135,0.0,0.0,,,,
4.918812917759084,-43.2471328893101,2025-12-16,0.0,0.0,0.0,0.0,0.0,0,0,GERADO,normal,2025-12-16,2025,12,16,350,0.0,0.0,,,,
-26.22979,-53.48272,2026-06-04,329.69,294.53,1.74,0.43,0.38,60,1,NASA_FIRMS,queimada,2026-06-04,2026,6,4,155,19781.4,35.160000000000025,,,,
47.0245117,28.8322923,2025-07-15,0.0,0.0,0.0,0.0,0.0,0,0,NASA_EONET,enchente,2025-07-15T20:00:00Z,2025,7,15,196,0.0,0.0,,,,
41.6875091,44.8422377,2026-05-23,0.0,0.0,0.0,0.0,0.0,0,0,NASA_EONET,enchente,2026-05-23T20:00:00Z,2026,5,23,143,0.0,0.0,,,,
-18.92756,-51.39186,2026-06-02,332.9,298.57,1.04,0.42,0.61,60,1,NASA_FIRMS,queimada,2026-06-02,2026,6,2,153,19974.0,34.329999999999984,,,,
-10.3282055,-71.375039,2025-12-27,0.0,0.0,0.0,0.0,0.0,0,0,NASA_EONET,enchente,2025-12-27T20:00:00Z,2025,12,27,361,0.0,0.0,,,,
-23.67215,-56.42017,2026-06-04,325.55,300.44,2.41,0.55,0.43,60,1,NASA_FIRMS,queimada,2026-06-04,2026,6,4,155,19533.0,25.110000000000014,,,,
-12.43893,-58.41442,2026-06-05,302.13,289.26,1.37,0.53,0.67,60,0,NASA_FIRMS,queimada,2026-06-05,2026,6,5,156,18127.8,12.870000000000005,,,,
49.6512234,23.8266948,2025-07-09,0.0,0.0,0.0,0.0,0.0,0,0,NASA_EONET,enchente,2025-07-09T20:00:00Z,2025,7,9,190,0.0,0.0,,,,
-11.54803,-52.80756,2026-06-05,325.29,291.25,7.65,0.63,0.54,60,0,NASA_FIRMS,queimada,2026-06-05,2026,6,5,156,19517.4,34.04000000000002,,,,
36.1974016,139.2816997,2025-07-08,0.0,0.0,0.0,0.0,0.0,0,0,NASA_EONET,enchente,2025-07-08T20:00:00Z,2025,7,8,189,0.0,0.0,,,,
30.5613719,-115.938162,2025-11-21,0.0,0.0,0.0,0.0,0.0,0,0,NASA_EONET,enchente,2025-11-21T20:00:00Z,2025,11,21,325,0.0,0.0,,,,
-1.4458130961418902,-67.47272511963239,2024-09-10,0.0,0.0,0.0,0.0,0.0,0,0,GERADO,normal,2024-09-10,2024,9,10,254,0.0,0.0,,,,
-29.00627,-56.53789,2026-06-04,327.03,288.27,3.4,0.43,0.46,60,1,NASA_FIRMS,queimada,2026-06-04,2026,6,4,155,19621.8,38.75999999999999,,,,
43.5116383,16.4399659,2026-06-02,0.0,0.0,0.0,0.0,0.0,0,0,NASA_EONET,enchente,2026-06-02T20:00:00Z,2026,6,2,153,0.0,0.0,,,,
36.3844273,1.37433290667506,2026-04-11,0.0,0.0,0.0,0.0,0.0,0,0,NASA_EONET,enchente,2026-04-11T20:00:00Z,2026,4,11,101,0.0,0.0,,,,
49.6894061,-124.9954959,2026-01-28,0.0,0.0,0.0,0.0,0.0,0,0,NASA_EONET,enchente,2026-01-28T20:00:00Z,2026,1,28,28,0.0,0.0,,,,
-1.6900335441416914,-73.64214597901524,2025-12-14,0.0,0.0,0.0,0.0,0.0,0,0,GERADO,normal,2025-12-14,2025,12,14,348,0.0,0.0,,,,
-15.86701,-61.5416,2026-06-03,328.34,300.68,2.1,0.47,0.4,30,1,NASA_FIRMS,queimada,2026-06-03,2026,6,3,154,9850.199999999999,27.659999999999968,,,,
4.0197025191201305,-63.36850392843957,2025-01-23,0.0,0.0,0.0,0.0,0.0,0,0,GERADO,normal,2025-01-23,2025,1,23,23,0.0,0.0,,,,
35.020922,69.3947037,2026-02-12,0.0,0.0,0.0,0.0,0.0,0,0,NASA_EONET,enchente,2026-02-12T20:00:00Z,2026,2,12,43,0.0,0.0,,,,
-10.56342,-46.63009,2026-06-03,348.61,292.31,15.28,0.61,0.71,60,1,NASA_FIRMS,queimada,2026-06-03,2026,6,3,154,20916.600000000002,56.30000000000001,,,,
-17.49288,-59.51228,2026-06-04,349.12,303.41,4.09,0.47,0.48,60,1,NASA_FIRMS,queimada,2026-06-04,2026,6,4,155,20947.2,45.70999999999998,,,,
8.507448,-82.8312256,2026-04-22,0.0,0.0,0.0,0.0,0.0,0,0,NASA_EONET,enchente,2026-04-22T20:00:00Z,2026,4,22,112,0.0,0.0,,,,
-27.9885617,152.9961186,2025-11-14,0.0,0.0,0.0,0.0,0.0,0,0,NASA_EONET,enchente,2025-11-14T20:00:00Z,2025,11,14,318,0.0,0.0,,,,
42.4181556,27.6943124,2025-12-04,0.0,0.0,0.0,0.0,0.0,0,0,NASA_EONET,enchente,2025-12-04T20:00:00Z,2025,12,4,338,0.0,0.0,,,,
40.7390323,-8.0926092,2026-02-02,0.0,0.0,0.0,0.0,0.0,0,0,NASA_EONET,enchente,2026-02-02T20:00:00Z,2026,2,2,33,0.0,0.0,,,,
15.0935129,26.1585109,2025-08-16,0.0,0.0,0.0,0.0,0.0,0,0,NASA_EONET,enchente,2025-08-16T20:00:00Z,2025,8,16,228,0.0,0.0,,,,
-33.3233750341193,-64.21973497546861,2024-07-12,0.0,0.0,0.0,0.0,0.0,0,0,GERADO,normal,2024-07-12,2024,7,12,194,0.0,0.0,,,,
-10.80107,-47.03053,2026-06-04,336.05,297.31,7.7,0.55,0.51,60,1,NASA_FIRMS,queimada,2026-06-04,2026,6,4,155,20163.0,38.74000000000001,,,,
-11.94973,-43.40542,2026-06-02,367.0,303.05,9.24,0.39,0.44,90,1,NASA_FIRMS,queimada,2026-06-02,2026,6,2,153,33030.0,63.94999999999999,,,,
13.757808,43.767179,2026-05-12,0.0,0.0,0.0,0.0,0.0,0,0,NASA_EONET,enchente,2026-05-12T20:00:00Z,2026,5,12,132,0.0,0.0,,,,
-38.0035304,175.957821,2026-02-11,0.0,0.0,0.0,0.0,0.0,0,0,NASA_EONET,enchente,2026-02-11T20:00:00Z,2026,2,11,42,0.0,0.0,,,,
4.081330362892103,-66.90615248424726,2025-09-05,0.0,0.0,0.0,0.0,0.0,0,0,GERADO,normal,2025-09-05,2025,9,5,248,0.0,0.0,,,,
-7.50938,-54.99928,2026-06-02,327.36,293.15,15.89,0.4,0.6,60,1,NASA_FIRMS,queimada,2026-06-02,2026,6,2,153,19641.600000000002,34.210000000000036,,,,
-9.750279004277417,-57.20591523518401,2025-01-02,0.0,0.0,0.0,0.0,0.0,0,0,GERADO,normal,2025-01-02,2025,1,2,2,0.0,0.0,,,,
40.7068689,72.8799131,2026-05-21,0.0,0.0,0.0,0.0,0.0,0,0,NASA_EONET,enchente,2026-05-21T20:00:00Z,2026,5,21,141,0.0,0.0,,,,
-15.982338474962802,-47.648023888142944,2024-12-30,0.0,0.0,0.0,0.0,0.0,0,0,GERADO,normal,2024-12-30,2024,12,30,365,0.0,0.0,,,,
-27.02803278799245,-61.38165745487464,2025-05-22,0.0,0.0,0.0,0.0,0.0,0,0,GERADO,normal,2025-05-22,2025,5,22,142,0.0,0.0,,,,
7.3473611,-61.8331903,2025-10-12,0.0,0.0,0.0,0.0,0.0,0,0,NASA_EONET,enchente,2025-10-12T20:00:00Z,2025,10,12,285,0.0,0.0,,,,
-15.88618,-63.19912,2026-06-03,321.02,291.65,3.18,0.6,0.53,60,0,NASA_FIRMS,queimada,2026-06-03,2026,6,3,154,19261.199999999997,29.370000000000005,,,,
-30.17098,-52.91738,2026-06-02,344.1,285.44,9.03,0.41,0.45,60,1,NASA_FIRMS,queimada,2026-06-02,2026,6,2,153,20646.0,58.660000000000025,,,,
-16.51672,-59.83449,2026-06-02,329.44,299.58,3.56,0.44,0.39,60,1,NASA_FIRMS,queimada,2026-06-02,2026,6,2,153,19766.4,29.860000000000014,,,,
-20.64275343367667,-43.10116278019022,2024-02-26,0.0,0.0,0.0,0.0,0.0,0,0,GERADO,normal,2024-02-26,2024,2,26,57,0.0,0.0,,,,
-11.961307787652942,-69.54499936519913,2026-02-14,0.0,0.0,0.0,0.0,0.0,0,0,GERADO,normal,2026-02-14,2026,2,14,45,0.0,0.0,,,,
-13.804125758014138,-37.18216415982025,2024-09-17,0.0,0.0,0.0,0.0,0.0,0,0,GERADO,normal,2024-09-17,2024,9,17,261,0.0,0.0,,,,
47.2305949,13.3316861,2026-05-14,0.0,0.0,0.0,0.0,0.0,0,0,NASA_EONET,enchente,2026-05-14T20:00:00Z,2026,5,14,134,0.0,0.0,,,,
-20.3421111955263,-53.31128924783266,2024-04-01,0.0,0.0,0.0,0.0,0.0,0,0,GERADO,normal,2024-04-01,2024,4,1,92,0.0,0.0,,,,
-11.27307,-53.96926,2026-06-04,346.3,304.77,11.09,0.39,0.36,60,1,NASA_FIRMS,queimada,2026-06-04,2026,6,4,155,20778.0,41.53000000000003,,,,
-20.76304,-46.76752,2026-06-05,299.95,286.62,1.01,0.38,0.36,60,0,NASA_FIRMS,queimada,2026-06-05,2026,6,5,156,17997.0,13.329999999999984,,,,
-25.3205684309917,-58.94226629936327,2025-08-02,0.0,0.0,0.0,0.0,0.0,0,0,GERADO,normal,2025-08-02,2025,8,2,214,0.0,0.0,,,,
-17.48841,-59.50905,2026-06-04,310.93,288.77,1.7,0.33,0.55,60,0,NASA_FIRMS,queimada,2026-06-04,2026,6,4,155,18655.8,22.160000000000025,,,,
-14.378264431667144,-38.68585851843598,2026-11-20,0.0,0.0,0.0,0.0,0.0,0,0,GERADO,normal,2026-11-20,2026,11,20,324,0.0,0.0,,,,
37.2401223,36.4534072,2026-06-27,0.0,0.0,0.0,0.0,0.0,0,0,NASA_EONET,enchente,2026-06-27T20:00:00Z,2026,6,27,178,0.0,0.0,,,,
34.0019893,71.4805341599303,2025-08-13,0.0,0.0,0.0,0.0,0.0,0,0,NASA_EONET,enchente,2025-08-13T20:00:00Z,2025,8,13,225,0.0,0.0,,,,
-2.2035848778826512,-62.42372026651015,2024-07-26,0.0,0.0,0.0,0.0,0.0,0,0,GERADO,normal,2024-07-26,2024,7,26,208,0.0,0.0,,,,
-31.83313957796858,-66.58296958086092,2025-06-11,0.0,0.0,0.0,0.0,0.0,0,0,GERADO,normal,2025-06-11,2025,6,11,162,0.0,0.0,,,,
-30.417692330523547,-50.63285663896367,2024-12-30,0.0,0.0,0.0,0.0,0.0,0,0,GERADO,normal,2024-12-30,2024,12,30,365,0.0,0.0,,,,
19.7666467,-70.5126227,2026-01-03,0.0,0.0,0.0,0.0,0.0,0,0,NASA_EONET,enchente,2026-01-03T20:00:00Z,2026,1,3,3,0.0,0.0,,,,
-33.856810303835594,-41.53923039598864,2024-11-23,0.0,0.0,0.0,0.0,0.0,0,0,GERADO,normal,2024-11-23,2024,11,23,328,0.0,0.0,,,,
-16.51695,-59.82966,2026-06-03,305.17,283.29,1.39,0.54,0.42,60,0,NASA_FIRMS,queimada,2026-06-03,2026,6,3,154,18310.2,21.879999999999995,,,,
46.65594545,11.2302128708753,2025-07-21,0.0,0.0,0.0,0.0,0.0,0,0,NASA_EONET,enchente,2025-07-21T20:00:00Z,2025,7,21,202,0.0,0.0,,,,
-23.59641,-55.65516,2026-06-03,300.79,284.0,0.53,0.39,0.37,60,0,NASA_FIRMS,queimada,2026-06-03,2026,6,3,154,18047.4,16.79000000000002,,,,
-27.54947,-55.44131,2026-06-04,329.75,295.81,2.97,0.54,0.42,60,1,NASA_FIRMS,queimada,2026-06-04,2026,6,4,155,19785.0,33.94,,,,
-9.74323,-50.40631,2026-06-04,339.98,304.14,9.08,0.53,0.42,60,1,NASA_FIRMS,queimada,2026-06-04,2026,6,4,155,20398.800000000003,35.84000000000003,,,,
-4.7078010511729005,-69.0147676127305,2024-10-16,0.0,0.0,0.0,0.0,0.0,0,0,GERADO,normal,2024-10-16,2024,10,16,290,0.0,0.0,,,,
-9.60308,-46.07658,2026-06-02,331.02,298.03,1.74,0.54,0.5,60,1,NASA_FIRMS,queimada,2026-06-02,2026,6,2,153,19861.199999999997,32.99000000000001,,,,
-27.63994,-56.11664,2026-06-04,367.0,297.05,7.97,0.4,0.44,90,1,NASA_FIRMS,queimada,2026-06-04,2026,6,4,155,33030.0,69.94999999999999,,,,
12.5854588,124.0847727,2026-01-15,0.0,0.0,0.0,0.0,0.0,0,0,NASA_EONET,enchente,2026-01-15T20:00:00Z,2026,1,15,15,0.0,0.0,,,,
-17.495792695687456,-63.61496265518883,2025-07-05,0.0,0.0,0.0,0.0,0.0,0,0,GERADO,normal,2025-07-05,2025,7,5,186,0.0,0.0,,,,
-11.03412,-44.3185,2026-06-05,308.3,288.58,0.99,0.38,0.36,60,0,NASA_FIRMS,queimada,2026-06-05,2026,6,5,156,18498.0,19.720000000000027,,,,
-23.182842464602672,-61.464621892767695,2025-05-16,0.0,0.0,0.0,0.0,0.0,0,0,GERADO,normal,2025-05-16,2025,5,16,136,0.0,0.0,,,,
-33.853873360039536,-71.5583874494044,2024-04-11,0.0,0.0,0.0,0.0,0.0,0,0,GERADO,normal,2024-04-11,2024,4,11,102,0.0,0.0,,,,
42.6539486,12.4396528,2026-04-13,0.0,0.0,0.0,0.0,0.0,0,0,NASA_EONET,enchente,2026-04-13T20:00:00Z,2026,4,13,103,0.0,0.0,,,,
-30.644248495490096,-44.84038414768266,2025-07-26,0.0,0.0,0.0,0.0,0.0,0,0,GERADO,normal,2025-07-26,2025,7,26,207,0.0,0.0,,,,
16.071571,108.2093029,2025-11-12,0.0,0.0,0.0,0.0,0.0,0,0,NASA_EONET,enchente,2025-11-12T20:00:00Z,2025,11,12,316,0.0,0.0,,,,
-31.759246364302182,-58.14722839631969,2025-10-13,0.0,0.0,0.0,0.0,0.0,0,0,GERADO,normal,2025-10-13,2025,10,13,286,0.0,0.0,,,,
-32.88573157314681,-40.72663028791965,2025-10-09,0.0,0.0,0.0,0.0,0.0,0,0,GERADO,normal,2025-10-09,2025,10,9,282,0.0,0.0,,,,
-11.99534898822128,-50.23739221633657,2025-02-07,0.0,0.0,0.0,0.0,0.0,0,0,GERADO,normal,2025-02-07,2025,2,7,38,0.0,0.0,,,,
-28.13983097290579,-60.9403169310466,2025-07-14,0.0,0.0,0.0,0.0,0.0,0,0,GERADO,normal,2025-07-14,2025,7,14,195,0.0,0.0,,,,
-20.26611807355441,-56.91446284110794,2025-06-11,0.0,0.0,0.0,0.0,0.0,0,0,GERADO,normal,2025-06-11,2025,6,11,162,0.0,0.0,,,,
42.7035463,76.9939054421143,2025-07-27,0.0,0.0,0.0,0.0,0.0,0,0,NASA_EONET,enchente,2025-07-27T20:00:00Z,2025,7,27,208,0.0,0.0,,,,
-19.22658,-54.31271,2026-06-02,332.11,301.68,1.38,0.54,0.51,60,1,NASA_FIRMS,queimada,2026-06-02,2026,6,2,153,19926.600000000002,30.430000000000007,,,,
56.3758414,9.656576,2025-07-14,0.0,0.0,0.0,0.0,0.0,0,0,NASA_EONET,enchente,2025-07-14T20:00:00Z,2025,7,14,195,0.0,0.0,,,,
-16.571089890291113,-67.39681728167209,2026-03-29,0.0,0.0,0.0,0.0,0.0,0,0,GERADO,normal,2026-03-29,2026,3,29,88,0.0,0.0,,,,
9.9139621,125.2764986,2025-07-11,0.0,0.0,0.0,0.0,0.0,0,0,NASA_EONET,enchente,2025-07-11T20:00:00Z,2025,7,11,192,0.0,0.0,,,,
-29.282391972296075,-65.37993781226874,2026-02-11,0.0,0.0,0.0,0.0,0.0,0,0,GERADO,normal,2026-02-11,2026,2,11,42,0.0,0.0,,,,
44.7190945,23.797756,2026-02-04,0.0,0.0,0.0,0.0,0.0,0,0,NASA_EONET,enchente,2026-02-04T20:00:00Z,2026,2,4,35,0.0,0.0,,,,
14.34398,-16.929427,2025-08-14,0.0,0.0,0.0,0.0,0.0,0,0,NASA_EONET,enchente,2025-08-14T20:00:00Z,2025,8,14,226,0.0,0.0,,,,
-16.46265,-61.56916,2026-06-05,302.58,285.58,0.88,0.36,0.58,60,0,NASA_FIRMS,queimada,2026-06-05,2026,6,5,156,18154.8,17.0,,,,
-23.57666136141381,-53.59531327392888,2025-06-12,0.0,0.0,0.0,0.0,0.0,0,0,GERADO,normal,2025-06-12,2025,6,12,163,0.0,0.0,,,,
31.19593735,-111.018709404831,2025-07-13,0.0,0.0,0.0,0.0,0.0,0,0,NASA_EONET,enchente,2025-07-13T20:00:00Z,2025,7,13,194,0.0,0.0,,,,
3.365536786390344,-62.15590348900622,2026-09-16,0.0,0.0,0.0,0.0,0.0,0,0,GERADO,normal,2026-09-16,2026,9,16,259,0.0,0.0,,,,
-19.01505723908143,-40.84431372172577,2024-02-13,0.0,0.0,0.0,0.0,0.0,0,0,GERADO,normal,2024-02-13,2024,2,13,44,0.0,0.0,,,,
-24.52351,-60.63141,2026-06-04,336.38,299.38,3.3,0.34,0.56,60,1,NASA_FIRMS,queimada,2026-06-04,2026,6,4,155,20182.8,37.0,,,,
41.3753,25.49187,2026-01-06,0.0,0.0,0.0,0.0,0.0,0,0,NASA_EONET,enchente,2026-01-06T20:00:00Z,2026,1,6,6,0.0,0.0,,,,
-11.692214410795298,-49.26636680880891,2024-12-21,0.0,0.0,0.0,0.0,0.0,0,0,GERADO,normal,2024-12-21,2024,12,21,356,0.0,0.0,,,,
-6.8416298005324805,-62.61938668294341,2024-11-20,0.0,0.0,0.0,0.0,0.0,0,0,GERADO,normal,2024-11-20,2024,11,20,325,0.0,0.0,,,,
-7.63967,-45.2341,2026-06-05,306.1,291.03,1.71,0.4,0.37,60,0,NASA_FIRMS,queimada,2026-06-05,2026,6,5,156,18366.0,15.07000000000005,,,,
-18.53977,-58.5846,2026-06-03,315.03,291.36,2.19,0.44,0.39,60,0,NASA_FIRMS,queimada,2026-06-03,2026,6,3,154,18901.8,23.66999999999996,,,,
-26.4996,-54.55951,2026-06-04,336.18,295.88,2.57,0.48,0.4,60,1,NASA_FIRMS,queimada,2026-06-04,2026,6,4,155,20170.8,40.30000000000001,,,,
-9.146462522464454,-54.33764809029901,2026-09-09,0.0,0.0,0.0,0.0,0.0,0,0,GERADO,normal,2026-09-09,2026,9,9,252,0.0,0.0,,,,
-14.77305,-52.67531,2026-06-04,341.0,315.61,40.38,0.39,0.36,30,1,NASA_FIRMS,queimada,2026-06-04,2026,6,4,155,10230.0,25.389999999999986,,,,
-25.96098683079228,-53.669549387500446,2025-07-23,0.0,0.0,0.0,0.0,0.0,0,0,GERADO,normal,2025-07-23,2025,7,23,204,0.0,0.0,,,,
-31.223603565274544,-43.387465947588574,2025-03-03,0.0,0.0,0.0,0.0,0.0,0,0,GERADO,normal,2025-03-03,2025,3,3,62,0.0,0.0,,,,
-30.08825,-59.28381,2026-06-04,354.37,295.86,6.89,0.32,0.55,60,1,NASA_FIRMS,queimada,2026-06-04,2026,6,4,155,21262.2,58.50999999999999,,,,
-28.96561034516969,-72.01244029827745,2024-08-19,0.0,0.0,0.0,0.0,0.0,0,0,GERADO,normal,2024-08-19,2024,8,19,232,0.0,0.0,,,,
-16.65385050388707,-44.003228377225845,2024-09-03,0.0,0.0,0.0,0.0,0.0,0,0,GERADO,normal,2024-09-03,2024,9,3,247,0.0,0.0,,,,
1.9591782778548392,-73.92570351488033,2024-12-12,0.0,0.0,0.0,0.0,0.0,0,0,GERADO,normal,2024-12-12,2024,12,12,347,0.0,0.0,,,,
-10.57338,-57.31937,2026-06-03,355.08,311.86,19.53,0.41,0.37,60,1,NASA_FIRMS,queimada,2026-06-03,2026,6,3,154,21304.8,43.21999999999997,,,,
-24.67446,-55.30618,2026-06-03,332.99,295.62,2.66,0.39,0.36,60,1,NASA_FIRMS,queimada,2026-06-03,2026,6,3,154,19979.4,37.370000000000005,,,,
38.1046979,-1.861118,2025-07-23,0.0,0.0,0.0,0.0,0.0,0,0,NASA_EONET,enchente,2025-07-23T20:00:00Z,2025,7,23,204,0.0,0.0,,,,
-10.263131996045438,-69.74864978328226,2025-02-24,0.0,0.0,0.0,0.0,0.0,0,0,GERADO,normal,2025-02-24,2025,2,24,55,0.0,0.0,,,,
49.2159578,37.3015283,2026-02-13,0.0,0.0,0.0,0.0,0.0,0,0,NASA_EONET,enchente,2026-02-13T20:00:00Z,2026,2,13,44,0.0,0.0,,,,
-19.30968916798447,-44.42581243361376,2025-05-06,0.0,0.0,0.0,0.0,0.0,0,0,GERADO,normal,2025-05-06,2025,5,6,126,0.0,0.0,,,,
17.6197305,-92.9729413409689,2026-01-25,0.0,0.0,0.0,0.0,0.0,0,0,NASA_EONET,enchente,2026-01-25T20:00:00Z,2026,1,25,25,0.0,0.0,,,,
-28.68698,-55.38124,2026-06-03,330.8,295.64,3.49,0.39,0.36,60,1,NASA_FIRMS,queimada,2026-06-03,2026,6,3,154,19848.0,35.160000000000025,,,,
1.856250823493781,-38.97458929589379,2026-04-11,0.0,0.0,0.0,0.0,0.0,0,0,GERADO,normal,2026-04-11,2026,4,11,101,0.0,0.0,,,,
-9.18523,-58.05935,2026-06-04,329.72,298.05,23.72,0.46,0.39,60,1,NASA_FIRMS,queimada,2026-06-04,2026,6,4,155,19783.2,31.670000000000016,,,,
-17.49073,-59.49428,2026-06-04,346.26,306.1,27.18,0.47,0.48,60,1,NASA_FIRMS,queimada,2026-06-04,2026,6,4,155,20775.6,40.15999999999997,,,,
-16.18412,-61.1357,2026-06-02,347.16,301.8,4.98,0.4,0.37,60,1,NASA_FIRMS,queimada,2026-06-02,2026,6,2,153,20829.600000000002,45.360000000000014,,,,
22.5179287,-101.0227023,2026-04-16,0.0,0.0,0.0,0.0,0.0,0,0,NASA_EONET,enchente,2026-04-16T20:00:00Z,2026,4,16,106,0.0,0.0,,,,
-25.262586058332587,-68.81319619329663,2025-03-12,0.0,0.0,0.0,0.0,0.0,0,0,GERADO,normal,2025-03-12,2025,3,12,71,0.0,0.0,,,,
5.6934405746506656,-36.95362574170855,2025-09-18,0.0,0.0,0.0,0.0,0.0,0,0,GERADO,normal,2025-09-18,2025,9,18,261,0.0,0.0,,,,
37.1734995,-3.5995337,2026-04-09,0.0,0.0,0.0,0.0,0.0,0,0,NASA_EONET,enchente,2026-04-09T20:00:00Z,2026,4,9,99,0.0,0.0,,,,
38.75511285,-121.353308948273,2025-11-13,0.0,0.0,0.0,0.0,0.0,0,0,NASA_EONET,enchente,2025-11-13T20:00:00Z,2025,11,13,317,0.0,0.0,,,,
-17.50286,-59.49725,2026-06-05,307.21,288.9,2.18,0.51,0.66,60,0,NASA_FIRMS,queimada,2026-06-05,2026,6,5,156,18432.6,18.310000000000002,,,,
-33.71333726699295,-42.51410637451555,2024-07-12,0.0,0.0,0.0,0.0,0.0,0,0,GERADO,normal,2024-07-12,2024,7,12,194,0.0,0.0,,,,
-33.163403024512384,-39.28901091763144,2024-05-25,0.0,0.0,0.0,0.0,0.0,0,0,GERADO,normal,2024-05-25,2024,5,25,146,0.0,0.0,,,,
-6.99067,-42.87464,2026-06-02,333.43,281.59,5.76,0.47,0.4,60,1,NASA_FIRMS,queimada,2026-06-02,2026,6,2,153,20005.8,51.84000000000003,,,,
-13.76632,-63.81845,2026-06-03,343.39,300.77,11.05,0.4,0.44,60,1,NASA_FIRMS,queimada,2026-06-03,2026,6,3,154,20603.399999999998,42.620000000000005,,,,
15.4421808,-91.6342662,2025-07-08,0.0,0.0,0.0,0.0,0.0,0,0,NASA_EONET,enchente,2025-07-08T20:00:00Z,2025,7,8,189,0.0,0.0,,,,
-16.223533561101192,-64.22790592120353,2026-01-02,0.0,0.0,0.0,0.0,0.0,0,0,GERADO,normal,2026-01-02,2026,1,2,2,0.0,0.0,,,,
-4.1836067,39.105095,2026-04-21,0.0,0.0,0.0,0.0,0.0,0,0,NASA_EONET,enchente,2026-04-21T20:00:00Z,2026,4,21,111,0.0,0.0,,,,
-18.36884,-59.07697,2026-06-05,300.86,287.21,2.11,0.56,0.69,60,0,NASA_FIRMS,queimada,2026-06-05,2026,6,5,156,18051.600000000002,13.650000000000034,,,,
-12.57664,-58.3878,2026-06-03,332.2,302.76,2.35,0.39,0.36,60,1,NASA_FIRMS,queimada,2026-06-03,2026,6,3,154,19932.0,29.439999999999998,,,,
-18.675461786530896,-71.03821002076296,2025-10-23,0.0,0.0,0.0,0.0,0.0,0,0,GERADO,normal,2025-10-23,2025,10,23,296,0.0,0.0,,,,
-11.961222816331803,-57.73439829652617,2025-10-18,0.0,0.0,0.0,0.0,0.0,0,0,GERADO,normal,2025-10-18,2025,10,18,291,0.0,0.0,,,,
20.1209475,-75.9240090249292,2025-09-26,0.0,0.0,0.0,0.0,0.0,0,0,NASA_EONET,enchente,2025-09-26T20:00:00Z,2025,9,26,269,0.0,0.0,,,,
-18.38716,-59.08985,2026-06-05,308.73,287.71,2.5,0.56,0.69,60,0,NASA_FIRMS,queimada,2026-06-05,2026,6,5,156,18523.800000000003,21.02000000000004,,,,
9.935475,-84.0590681,2025-10-15,0.0,0.0,0.0,0.0,0.0,0,0,NASA_EONET,enchente,2025-10-15T20:00:00Z,2025,10,15,288,0.0,0.0,,,,
52.5406101,-6.9553993,2026-01-25,0.0,0.0,0.0,0.0,0.0,0,0,NASA_EONET,enchente,2026-01-25T20:00:00Z,2026,1,25,25,0.0,0.0,,,,
-17.48841,-59.51528,2026-06-05,329.77,289.35,4.19,0.65,0.73,60,0,NASA_FIRMS,queimada,2026-06-05,2026,6,5,156,19786.199999999997,40.41999999999996,,,,
19.9389855,-72.8308129,2025-09-29,0.0,0.0,0.0,0.0,0.0,0,0,NASA_EONET,enchente,2025-09-29T08:00:00Z,2025,9,29,272,0.0,0.0,,,,
-12.75164,-66.71768,2026-06-03,326.61,292.81,5.33,0.59,0.53,60,1,NASA_FIRMS,queimada,2026-06-03,2026,6,3,154,19596.600000000002,33.80000000000001,,,,
-11.87862,-57.83579,2026-06-04,329.7,289.51,4.6,0.48,0.4,60,1,NASA_FIRMS,queimada,2026-06-04,2026,6,4,155,19782.0,40.19,,,,
-12.205896477294353,-65.01120048774554,2025-07-24,0.0,0.0,0.0,0.0,0.0,0,0,GERADO,normal,2025-07-24,2025,7,24,205,0.0,0.0,,,,
-16.71557,-59.72758,2026-06-02,328.62,301.42,2.61,0.44,0.39,60,1,NASA_FIRMS,queimada,2026-06-02,2026,6,2,153,19717.2,27.19999999999999,,,,
-26.28491,-54.70117,2026-06-03,330.74,296.42,2.63,0.39,0.36,60,1,NASA_FIRMS,queimada,2026-06-03,2026,6,3,154,19844.4,34.31999999999999,,,,
-31.58020534964809,-47.740666858535576,2024-12-02,0.0,0.0,0.0,0.0,0.0,0,0,GERADO,normal,2024-12-02,2024,12,2,337,0.0,0.0,,,,
-10.85468,-53.7504,2026-06-03,305.95,288.8,0.92,0.38,0.36,60,0,NASA_FIRMS,queimada,2026-06-03,2026,6,3,154,18357.0,17.149999999999977,,,,
43.3804293,5.1646417,2026-02-02,0.0,0.0,0.0,0.0,0.0,0,0,NASA_EONET,enchente,2026-02-02T20:00:00Z,2026,2,2,33,0.0,0.0,,,,
-11.86856,-47.34598,2026-06-02,353.31,301.12,6.47,0.35,0.57,60,1,NASA_FIRMS,queimada,2026-06-02,2026,6,2,153,21198.6,52.19,,,,
5.798487616127268,-45.72863759511348,2026-04-24,0.0,0.0,0.0,0.0,0.0,0,0,GERADO,normal,2026-04-24,2026,4,24,114,0.0,0.0,,,,
-28.39480475708488,-37.31566517367602,2026-05-23,0.0,0.0,0.0,0.0,0.0,0,0,GERADO,normal,2026-05-23,2026,5,23,143,0.0,0.0,,,,
-33.38275631786033,-55.871094553035405,2025-09-24,0.0,0.0,0.0,0.0,0.0,0,0,GERADO,normal,2025-09-24,2025,9,24,267,0.0,0.0,,,,
-24.72647,-56.70927,2026-06-04,329.47,297.15,4.34,0.39,0.44,60,1,NASA_FIRMS,queimada,2026-06-04,2026,6,4,155,19768.2,32.32000000000005,,,,
-0.6810112260951726,-39.84352432783921,2026-11-02,0.0,0.0,0.0,0.0,0.0,0,0,GERADO,normal,2026-11-02,2026,11,2,306,0.0,0.0,,,,
9.0,33.0,2025-07-14,0.0,0.0,0.0,0.0,0.0,0,0,NASA_EONET,enchente,2025-07-14T20:00:00Z,2025,7,14,195,0.0,0.0,,,,
-8.8749,-68.83226,2026-06-02,334.6,296.77,5.53,0.54,0.42,60,1,NASA_FIRMS,queimada,2026-06-02,2026,6,2,153,20076.0,37.83000000000004,,,,
22.5867733,-80.2436672,2025-12-12,0.0,0.0,0.0,0.0,0.0,0,0,NASA_EONET,enchente,2025-12-12T20:00:00Z,2025,12,12,346,0.0,0.0,,,,
-4.63217,-43.04249,2026-06-04,325.19,284.54,14.26,0.65,0.73,60,1,NASA_FIRMS,queimada,2026-06-04,2026,6,4,155,19511.4,40.64999999999998,,,,
-10.01177,-67.76288,2026-06-05,306.33,287.39,0.68,0.41,0.37,60,0,NASA_FIRMS,queimada,2026-06-05,2026,6,5,156,18379.8,18.939999999999998,,,,
42.5643094,-8.6382906,2026-01-25,0.0,0.0,0.0,0.0,0.0,0,0,NASA_EONET,enchente,2026-01-25T20:00:00Z,2026,1,25,25,0.0,0.0,,,,
2.936366367975886,-68.60038759874661,2026-06-22,0.0,0.0,0.0,0.0,0.0,0,0,GERADO,normal,2026-06-22,2026,6,22,173,0.0,0.0,,,,
-3.8488324,-38.3932752,2026-04-26,0.0,0.0,0.0,0.0,0.0,0,0,NASA_EONET,enchente,2026-04-26T20:00:00Z,2026,4,26,116,0.0,0.0,,,,
-11.430899158136288,-47.572002281798525,2025-09-04,0.0,0.0,0.0,0.0,0.0,0,0,GERADO,normal,2025-09-04,2025,9,4,247,0.0,0.0,,,,
-23.80379152011737,-35.14533642287625,2026-06-05,0.0,0.0,0.0,0.0,0.0,0,0,GERADO,normal,2026-06-05,2026,6,5,156,0.0,0.0,,,,
-9.181200814748166,-57.75459717585829,2026-11-11,0.0,0.0,0.0,0.0,0.0,0,0,GERADO,normal,2026-11-11,2026,11,11,315,0.0,0.0,,,,
-16.51248,-59.83096,2026-06-02,327.07,298.79,4.23,0.44,0.39,30,1,NASA_FIRMS,queimada,2026-06-02,2026,6,2,153,9812.1,28.279999999999973,,,,
-20.10363704144925,-73.65784255006523,2024-10-29,0.0,0.0,0.0,0.0,0.0,0,0,GERADO,normal,2024-10-29,2024,10,29,303,0.0,0.0,,,,
-11.925412490120571,-67.91149742710232,2026-07-15,0.0,0.0,0.0,0.0,0.0,0,0,GERADO,normal,2026-07-15,2026,7,15,196,0.0,0.0,,,,
23.6677535,121.4249152,2026-05-14,0.0,0.0,0.0,0.0,0.0,0,0,NASA_EONET,enchente,2026-05-14T20:00:00Z,2026,5,14,134,0.0,0.0,,,,
-0.5087982827631023,-39.22631534627198,2026-04-21,0.0,0.0,0.0,0.0,0.0,0,0,GERADO,normal,2026-04-21,2026,4,21,111,0.0,0.0,,,,
-5.504083307475291,-50.97160843343147,2026-03-13,0.0,0.0,0.0,0.0,0.0,0,0,GERADO,normal,2026-03-13,2026,3,13,72,0.0,0.0,,,,
-32.6488721673039,-58.05303847187125,2026-11-22,0.0,0.0,0.0,0.0,0.0,0,0,GERADO,normal,2026-11-22,2026,11,22,326,0.0,0.0,,,,
-11.62156,-55.18972,2026-06-04,312.0,291.53,1.53,0.44,0.46,60,0,NASA_FIRMS,queimada,2026-06-04,2026,6,4,155,18720.0,20.470000000000027,,,,
53.3493795,-6.2605593,2025-11-13,0.0,0.0,0.0,0.0,0.0,0,0,NASA_EONET,enchente,2025-11-13T20:00:00Z,2025,11,13,317,0.0,0.0,,,,
5.8626228,116.1138146,2025-09-08,0.0,0.0,0.0,0.0,0.0,0,0,NASA_EONET,enchente,2025-09-08T20:00:00Z,2025,9,8,251,0.0,0.0,,,,
-20.155692737063664,-38.08915557827904,2025-06-29,0.0,0.0,0.0,0.0,0.0,0,0,GERADO,normal,2025-06-29,2025,6,29,180,0.0,0.0,,,,
33.254378,62.380804,2025-12-29,0.0,0.0,0.0,0.0,0.0,0,0,NASA_EONET,enchente,2025-12-29T20:00:00Z,2025,12,29,363,0.0,0.0,,,,
-30.0497222,30.8886111,2025-12-20,0.0,0.0,0.0,0.0,0.0,0,0,NASA_EONET,enchente,2025-12-20T20:00:00Z,2025,12,20,354,0.0,0.0,,,,
-35.3862208,150.4498896,2025-06-30,0.0,0.0,0.0,0.0,0.0,0,0,NASA_EONET,enchente,2025-06-30T20:00:00Z,2025,6,30,181,0.0,0.0,,,,
-1.0961412906313086,-71.11427563794359,2026-03-29,0.0,0.0,0.0,0.0,0.0,0,0,GERADO,normal,2026-03-29,2026,3,29,88,0.0,0.0,,,,
-0.5758861142829446,-48.16037504912188,2026-08-21,0.0,0.0,0.0,0.0,0.0,0,0,GERADO,normal,2026-08-21,2026,8,21,233,0.0,0.0,,,,
3.1538001462727365,-73.42786169058783,2026-12-04,0.0,0.0,0.0,0.0,0.0,0,0,GERADO,normal,2026-12-04,2026,12,4,338,0.0,0.0,,,,
-21.098615789457632,-34.058284008589865,2025-07-11,0.0,0.0,0.0,0.0,0.0,0,0,GERADO,normal,2025-07-11,2025,7,11,192,0.0,0.0,,,,
4.772723004649727,-57.1276843628375,2024-02-25,0.0,0.0,0.0,0.0,0.0,0,0,GERADO,normal,2024-02-25,2024,2,25,56,0.0,0.0,,,,
50.7782244,3.0439698,2026-01-08,0.0,0.0,0.0,0.0,0.0,0,0,NASA_EONET,enchente,2026-01-08T20:00:00Z,2026,1,8,8,0.0,0.0,,,,
38.98303,-9.07763,2025-11-11,0.0,0.0,0.0,0.0,0.0,0,0,NASA_EONET,enchente,2025-11-11T20:00:00Z,2025,11,11,315,0.0,0.0,,,,
-31.289494587897053,-47.12649257950788,2026-02-09,0.0,0.0,0.0,0.0,0.0,0,0,GERADO,normal,2026-02-09,2026,2,9,40,0.0,0.0,,,,
-18.928443,145.0078023,2026-01-27,0.0,0.0,0.0,0.0,0.0,0,0,NASA_EONET,enchente,2026-01-27T20:00:00Z,2026,1,27,27,0.0,0.0,,,,
-11.3065714,34.8171758,2025-12-27,0.0,0.0,0.0,0.0,0.0,0,0,NASA_EONET,enchente,2025-12-27T20:00:00Z,2025,12,27,361,0.0,0.0,,,,
43.0386475,-87.9090751,2026-04-12,0.0,0.0,0.0,0.0,0.0,0,0,NASA_EONET,enchente,2026-04-12T20:00:00Z,2026,4,12,102,0.0,0.0,,,,
5.868965673815374,-56.859390718960434,2024-10-24,0.0,0.0,0.0,0.0,0.0,0,0,GERADO,normal,2024-10-24,2024,10,24,298,0.0,0.0,,,,
1.335653806594408,-40.504795279278525,2026-07-28,0.0,0.0,0.0,0.0,0.0,0,0,GERADO,normal,2026-07-28,2026,7,28,209,0.0,0.0,,,,
-2.1117792700733062,-49.3959281123731,2024-02-03,0.0,0.0,0.0,0.0,0.0,0,0,GERADO,normal,2024-02-03,2024,2,3,34,0.0,0.0,,,,
6.2443382,-75.573553,2026-04-02,0.0,0.0,0.0,0.0,0.0,0,0,NASA_EONET,enchente,2026-04-02T20:00:00Z,2026,4,2,92,0.0,0.0,,,,
1.3526418626002863,-39.2711944213218,2026-08-24,0.0,0.0,0.0,0.0,0.0,0,0,GERADO,normal,2026-08-24,2026,8,24,236,0.0,0.0,,,,
21.8487579,106.6140692,2025-08-18,0.0,0.0,0.0,0.0,0.0,0,0,NASA_EONET,enchente,2025-08-18T20:00:00Z,2025,8,18,230,0.0,0.0,,,,
-22.29238286136915,-62.66479242966696,2024-10-30,0.0,0.0,0.0,0.0,0.0,0,0,GERADO,normal,2024-10-30,2024,10,30,304,0.0,0.0,,,,
27.3596658,89.2357556,2025-10-03,0.0,0.0,0.0,0.0,0.0,0,0,NASA_EONET,enchente,2025-10-03T20:00:00Z,2025,10,3,276,0.0,0.0,,,,
-11.319238279058403,-69.1683159122981,2025-05-11,0.0,0.0,0.0,0.0,0.0,0,0,GERADO,normal,2025-05-11,2025,5,11,131,0.0,0.0,,,,
-17.50213,-59.54633,2026-06-03,305.44,290.65,1.08,0.51,0.41,60,0,NASA_FIRMS,queimada,2026-06-03,2026,6,3,154,18326.4,14.79000000000002,,,,
-25.98434,-61.57426,2026-06-04,340.34,295.42,8.05,0.4,0.6,60,1,NASA_FIRMS,queimada,2026-06-04,2026,6,4,155,20420.399999999998,44.91999999999996,,,,
-3.811346300333071,-36.839463523837566,2025-05-09,0.0,0.0,0.0,0.0,0.0,0,0,GERADO,normal,2025-05-09,2025,5,9,129,0.0,0.0,,,,
48.9975333,15.3515379,2025-06-25,0.0,0.0,0.0,0.0,0.0,0,0,NASA_EONET,enchente,2025-06-25T20:00:00Z,2025,6,25,176,0.0,0.0,,,,
-29.453616722411823,-45.39724342641529,2025-10-14,0.0,0.0,0.0,0.0,0.0,0,0,GERADO,normal,2025-10-14,2025,10,14,287,0.0,0.0,,,,
13.8301533,-13.0891759,2025-07-13,0.0,0.0,0.0,0.0,0.0,0,0,NASA_EONET,enchente,2025-07-13T20:00:00Z,2025,7,13,194,0.0,0.0,,,,
10.5693891,-69.5850374,2026-04-21,0.0,0.0,0.0,0.0,0.0,0,0,NASA_EONET,enchente,2026-04-21T20:00:00Z,2026,4,21,111,0.0,0.0,,,,
51.1947131,6.4353792,2025-07-01,0.0,0.0,0.0,0.0,0.0,0,0,NASA_EONET,enchente,2025-07-01T20:00:00Z,2025,7,1,182,0.0,0.0,,,,
-20.40085384956286,-36.57228009386444,2026-02-05,0.0,0.0,0.0,0.0,0.0,0,0,GERADO,normal,2026-02-05,2026,2,5,36,0.0,0.0,,,,
-12.13078,-66.71481,2026-06-04,326.12,290.33,2.41,0.61,0.71,60,1,NASA_FIRMS,queimada,2026-06-04,2026,6,4,155,19567.2,35.79000000000002,,,,
-29.11204,-58.53143,2026-06-02,349.73,284.7,4.44,0.39,0.36,60,1,NASA_FIRMS,queimada,2026-06-02,2026,6,2,153,20983.800000000003,65.03000000000003,,,,
-27.6478575,-65.2487342654375,2026-03-04,0.0,0.0,0.0,0.0,0.0,0,0,NASA_EONET,enchente,2026-03-04T20:00:00Z,2026,3,4,63,0.0,0.0,,,,
-28.277991,152.7069221,2026-05-17,0.0,0.0,0.0,0.0,0.0,0,0,NASA_EONET,enchente,2026-05-17T20:00:00Z,2026,5,17,137,0.0,0.0,,,,
-10.38733,-64.50717,2026-06-03,340.12,298.16,7.04,0.4,0.44,60,1,NASA_FIRMS,queimada,2026-06-03,2026,6,3,154,20407.2,41.95999999999998,,,,
-18.060159,178.503717870173,2025-07-15,0.0,0.0,0.0,0.0,0.0,0,0,NASA_EONET,enchente,2025-07-15T20:00:00Z,2025,7,15,196,0.0,0.0,,,,
-10.582649714032456,-45.7019734637876,2025-11-28,0.0,0.0,0.0,0.0,0.0,0,0,GERADO,normal,2025-11-28,2025,11,28,332,0.0,0.0,,,,
-2.082911875237876,-46.39950979622615,2026-06-17,0.0,0.0,0.0,0.0,0.0,0,0,GERADO,normal,2026-06-17,2026,6,17,168,0.0,0.0,,,,
-23.668138772146897,-48.47752600315705,2024-10-25,0.0,0.0,0.0,0.0,0.0,0,0,GERADO,normal,2024-10-25,2024,10,25,299,0.0,0.0,,,,
11.1506644,12.7595826,2025-06-28,0.0,0.0,0.0,0.0,0.0,0,0,NASA_EONET,enchente,2025-06-28T20:00:00Z,2025,6,28,179,0.0,0.0,,,,
18.8820257,-70.418098,2025-09-24,0.0,0.0,0.0,0.0,0.0,0,0,NASA_EONET,enchente,2025-09-24T20:00:00Z,2025,9,24,267,0.0,0.0,,,,
48.3415116,-4.7192399,2026-01-14,0.0,0.0,0.0,0.0,0.0,0,0,NASA_EONET,enchente,2026-01-14T20:00:00Z,2026,1,14,14,0.0,0.0,,,,
50.8465573,4.351697,2025-09-03,0.0,0.0,0.0,0.0,0.0,0,0,NASA_EONET,enchente,2025-09-03T20:00:00Z,2025,9,3,246,0.0,0.0,,,,
1.3516649,34.5635807,2025-10-28,0.0,0.0,0.0,0.0,0.0,0,0,NASA_EONET,enchente,2025-10-28T20:00:00Z,2025,10,28,301,0.0,0.0,,,,
-26.11079,-54.25748,2026-06-04,332.1,299.97,6.14,0.46,0.39,60,1,NASA_FIRMS,queimada,2026-06-04,2026,6,4,155,19926.0,32.129999999999995,,,,
35.5200185,35.7781044,2026-02-05,0.0,0.0,0.0,0.0,0.0,0,0,NASA_EONET,enchente,2026-02-05T20:00:00Z,2026,2,5,36,0.0,0.0,,,,
-27.53233,-56.20428,2026-06-04,325.08,295.87,5.46,0.4,0.44,30,1,NASA_FIRMS,queimada,2026-06-04,2026,6,4,155,9752.4,29.20999999999998,,,,
34.220389,70.3800314,2025-08-28,0.0,0.0,0.0,0.0,0.0,0,0,NASA_EONET,enchente,2025-08-28T20:00:00Z,2025,8,28,240,0.0,0.0,,,,
-29.1237871472849,-39.77194507106562,2024-08-15,0.0,0.0,0.0,0.0,0.0,0,0,GERADO,normal,2024-08-15,2024,8,15,228,0.0,0.0,,,,
-12.160624380743272,-64.37032504506894,2025-05-17,0.0,0.0,0.0,0.0,0.0,0,0,GERADO,normal,2025-05-17,2025,5,17,137,0.0,0.0,,,,
22.8015194,86.2029579,2025-07-25,0.0,0.0,0.0,0.0,0.0,0,0,NASA_EONET,enchente,2025-07-25T20:00:00Z,2025,7,25,206,0.0,0.0,,,,
-16.3988667,-71.5369607,2026-02-14,0.0,0.0,0.0,0.0,0.0,0,0,NASA_EONET,enchente,2026-02-14T20:00:00Z,2026,2,14,45,0.0,0.0,,,,
-14.36782,-53.42453,2026-06-02,352.24,300.61,4.24,0.38,0.59,60,1,NASA_FIRMS,queimada,2026-06-02,2026,6,2,153,21134.4,51.629999999999995,,,,
-15.94963,-61.83829,2026-06-02,339.25,300.17,4.71,0.39,0.36,60,1,NASA_FIRMS,queimada,2026-06-02,2026,6,2,153,20355.0,39.079999999999984,,,,
-11.530893776275242,-67.55090832201434,2025-09-26,0.0,0.0,0.0,0.0,0.0,0,0,GERADO,normal,2025-09-26,2025,9,26,269,0.0,0.0,,,,
-27.63672,-56.12537,2026-06-04,350.08,311.91,92.26,0.4,0.44,60,1,NASA_FIRMS,queimada,2026-06-04,2026,6,4,155,21004.8,38.16999999999996,,,,
-30.844598481550836,-37.545073177829366,2025-04-25,0.0,0.0,0.0,0.0,0.0,0,0,GERADO,normal,2025-04-25,2025,4,25,115,0.0,0.0,,,,
-16.64829,-59.63921,2026-06-03,300.82,290.45,0.95,0.53,0.42,60,0,NASA_FIRMS,queimada,2026-06-03,2026,6,3,154,18049.2,10.370000000000005,,,,
-14.17506,-58.45173,2026-06-03,333.44,305.53,16.06,0.38,0.36,30,1,NASA_FIRMS,queimada,2026-06-03,2026,6,3,154,10003.2,27.910000000000025,,,,
-18.5605,-58.58772,2026-06-04,302.38,288.83,0.98,0.54,0.51,60,0,NASA_FIRMS,queimada,2026-06-04,2026,6,4,155,18142.8,13.550000000000011,,,,
-7.94454,-71.46641,2026-06-04,327.32,285.83,1.89,0.36,0.57,60,1,NASA_FIRMS,queimada,2026-06-04,2026,6,4,155,19639.2,41.49000000000001,,,,
3.30578,-72.10999,2026-06-03,334.93,279.52,8.16,0.4,0.6,60,1,NASA_FIRMS,queimada,2026-06-03,2026,6,3,154,20095.8,55.410000000000025,,,,
7.5804751,-75.3998498,2025-09-04,0.0,0.0,0.0,0.0,0.0,0,0,NASA_EONET,enchente,2025-09-04T20:00:00Z,2025,9,4,247,0.0,0.0,,,,
2.0853419575377075,-56.15687079226883,2026-05-09,0.0,0.0,0.0,0.0,0.0,0,0,GERADO,normal,2026-05-09,2026,5,9,129,0.0,0.0,,,,
-20.695488941865992,-43.387786432934185,2025-01-16,0.0,0.0,0.0,0.0,0.0,0,0,GERADO,normal,2025-01-16,2025,1,16,16,0.0,0.0,,,,
-30.3854477,-58.7506643,2025-12-07,0.0,0.0,0.0,0.0,0.0,0,0,NASA_EONET,enchente,2025-12-07T20:00:00Z,2025,12,7,341,0.0,0.0,,,,
4.005098667796808,-59.28328131297992,2024-08-01,0.0,0.0,0.0,0.0,0.0,0,0,GERADO,normal,2024-08-01,2024,8,1,214,0.0,0.0,,,,
-28.78936899207504,-44.11121079449441,2026-11-27,0.0,0.0,0.0,0.0,0.0,0,0,GERADO,normal,2026-11-27,2026,11,27,331,0.0,0.0,,,,
9.3003465,-69.4556825,2025-06-22,0.0,0.0,0.0,0.0,0.0,0,0,NASA_EONET,enchente,2025-06-22T20:00:00Z,2025,6,22,173,0.0,0.0,,,,
-16.52821,-59.81819,2026-06-03,330.47,301.4,1.97,0.41,0.37,30,1,NASA_FIRMS,queimada,2026-06-03,2026,6,3,154,9914.1,29.07000000000005,,,,
-16.40142,-59.53705,2026-06-04,328.82,298.39,1.95,0.46,0.47,60,1,NASA_FIRMS,queimada,2026-06-04,2026,6,4,155,19729.2,30.430000000000007,,,,
0.7074962692293667,-40.72600024188199,2025-07-31,0.0,0.0,0.0,0.0,0.0,0,0,GERADO,normal,2025-07-31,2025,7,31,212,0.0,0.0,,,,
0.4343411521873648,-62.16899687214547,2026-03-26,0.0,0.0,0.0,0.0,0.0,0,0,GERADO,normal,2026-03-26,2026,3,26,85,0.0,0.0,,,,
-18.39022,-59.05701,2026-06-05,309.34,287.71,2.39,0.56,0.69,60,0,NASA_FIRMS,queimada,2026-06-05,2026,6,5,156,18560.399999999998,21.629999999999995,,,,
-21.79144,-61.73209,2026-06-04,332.97,294.6,7.36,0.79,0.78,60,1,NASA_FIRMS,queimada,2026-06-04,2026,6,4,155,19978.2,38.370000000000005,,,,
-19.72119,-40.15975,2026-06-03,316.26,287.07,1.11,0.35,0.57,60,0,NASA_FIRMS,queimada,2026-06-03,2026,6,3,154,18975.6,29.189999999999998,,,,
7.1138415,-73.2174056,2026-03-17,0.0,0.0,0.0,0.0,0.0,0,0,NASA_EONET,enchente,2026-03-17T20:00:00Z,2026,3,17,76,0.0,0.0,,,,
-11.16449,-49.24598,2026-06-03,348.6,292.17,10.56,0.4,0.6,60,1,NASA_FIRMS,queimada,2026-06-03,2026,6,3,154,20916.0,56.43000000000001,,,,
9.8154785,76.9991599480914,2025-10-16,0.0,0.0,0.0,0.0,0.0,0,0,NASA_EONET,enchente,2025-10-16T20:00:00Z,2025,10,16,289,0.0,0.0,,,,
-29.55729167108241,-65.67678953192447,2025-11-03,0.0,0.0,0.0,0.0,0.0,0,0,GERADO,normal,2025-11-03,2025,11,3,307,0.0,0.0,,,,
37.3611355,40.8959403,2026-04-19,0.0,0.0,0.0,0.0,0.0,0,0,NASA_EONET,enchente,2026-04-19T20:00:00Z,2026,4,19,109,0.0,0.0,,,,
-11.55398,-52.80814,2026-06-05,337.93,292.66,10.33,0.63,0.54,60,0,NASA_FIRMS,queimada,2026-06-05,2026,6,5,156,20275.8,45.26999999999998,,,,
3.2083304,101.304146,2025-11-27,0.0,0.0,0.0,0.0,0.0,0,0,NASA_EONET,enchente,2025-11-27T08:00:00Z,2025,11,27,331,0.0,0.0,,,,
-19.05515,-42.0081,2026-06-03,297.79,285.0,0.84,0.48,0.64,60,0,NASA_FIRMS,queimada,2026-06-03,2026,6,3,154,17867.4,12.79000000000002,,,,
-27.55424297937374,-52.229843889100366,2024-02-20,0.0,0.0,0.0,0.0,0.0,0,0,GERADO,normal,2024-02-20,2024,2,20,51,0.0,0.0,,,,
-33.1924407395309,-40.575073966057225,2025-12-23,0.0,0.0,0.0,0.0,0.0,0,0,GERADO,normal,2025-12-23,2025,12,23,357,0.0,0.0,,,,
-29.14381,-61.61601,2026-06-02,328.9,297.19,4.13,0.41,0.37,60,1,NASA_FIRMS,queimada,2026-06-02,2026,6,2,153,19734.0,31.70999999999998,,,,
-27.99870748332559,-50.45664860863759,2025-10-10,0.0,0.0,0.0,0.0,0.0,0,0,GERADO,normal,2025-10-10,2025,10,10,283,0.0,0.0,,,,
12.7234142,30.6397248,2025-10-24,0.0,0.0,0.0,0.0,0.0,0,0,NASA_EONET,enchente,2025-10-24T20:00:00Z,2025,10,24,297,0.0,0.0,,,,
-18.99382,-58.07928,2026-06-05,301.45,287.28,1.21,0.49,0.65,60,0,NASA_FIRMS,queimada,2026-06-05,2026,6,5,156,18087.0,14.170000000000016,,,,
-25.2822895,-57.5437424,2026-03-07,0.0,0.0,0.0,0.0,0.0,0,0,NASA_EONET,enchente,2026-03-07T20:00:00Z,2026,3,7,66,0.0,0.0,,,,
-10.91794,-46.96599,2026-06-04,336.54,295.38,7.28,0.56,0.51,60,1,NASA_FIRMS,queimada,2026-06-04,2026,6,4,155,20192.4,41.160000000000025,,,,
-6.98538,-42.88332,2026-06-05,346.98,293.73,10.46,0.39,0.36,60,0,NASA_FIRMS,queimada,2026-06-05,2026,6,5,156,20818.800000000003,53.25,,,,
36.0,67.666667,2026-04-21,0.0,0.0,0.0,0.0,0.0,0,0,NASA_EONET,enchente,2026-04-21T20:00:00Z,2026,4,21,111,0.0,0.0,,,,
-17.49477,-59.51082,2026-06-02,338.26,297.95,3.55,0.45,0.39,60,1,NASA_FIRMS,queimada,2026-06-02,2026,6,2,153,20295.6,40.31,,,,
41.0900531,21.0130599,2025-11-19,0.0,0.0,0.0,0.0,0.0,0,0,NASA_EONET,enchente,2025-11-19T20:00:00Z,2025,11,19,323,0.0,0.0,,,,
-8.618329332880968,-34.28885398043328,2026-10-22,0.0,0.0,0.0,0.0,0.0,0,0,GERADO,normal,2026-10-22,2026,10,22,295,0.0,0.0,,,,
48.25,14.0,2026-05-05,0.0,0.0,0.0,0.0,0.0,0,0,NASA_EONET,enchente,2026-05-05T20:00:00Z,2026,5,5,125,0.0,0.0,,,,
-32.38588390677097,-48.26508274258474,2025-02-19,0.0,0.0,0.0,0.0,0.0,0,0,GERADO,normal,2025-02-19,2025,2,19,50,0.0,0.0,,,,
-24.525744612525173,-66.88998279034229,2024-10-28,0.0,0.0,0.0,0.0,0.0,0,0,GERADO,normal,2024-10-28,2024,10,28,302,0.0,0.0,,,,
-12.471501102493164,-71.47846536312085,2025-01-16,0.0,0.0,0.0,0.0,0.0,0,0,GERADO,normal,2025-01-16,2025,1,16,16,0.0,0.0,,,,
-18.888491730295883,-52.74225470292169,2026-03-04,0.0,0.0,0.0,0.0,0.0,0,0,GERADO,normal,2026-03-04,2026,3,4,63,0.0,0.0,,,,
-5.732323948136759,-72.62449929740792,2024-05-07,0.0,0.0,0.0,0.0,0.0,0,0,GERADO,normal,2024-05-07,2024,5,7,128,0.0,0.0,,,,
-6.573,-51.09948,2026-06-03,326.8,290.71,2.17,0.41,0.37,60,0,NASA_FIRMS,queimada,2026-06-03,2026,6,3,154,19608.0,36.09000000000003,,,,
5.47383,-67.9282,2026-06-02,330.92,294.07,2.8,0.38,0.36,60,1,NASA_FIRMS,queimada,2026-06-02,2026,6,2,153,19855.2,36.85000000000002,,,,
15.5986243,45.2598934,2025-09-15,0.0,0.0,0.0,0.0,0.0,0,0,NASA_EONET,enchente,2025-09-15T20:00:00Z,2025,9,15,258,0.0,0.0,,,,
45.5484022,-82.4374068090324,2026-04-12,0.0,0.0,0.0,0.0,0.0,0,0,NASA_EONET,enchente,2026-04-12T20:00:00Z,2026,4,12,102,0.0,0.0,,,,
-27.33039429125293,-45.66703689228354,2026-04-04,0.0,0.0,0.0,0.0,0.0,0,0,GERADO,normal,2026-04-04,2026,4,4,94,0.0,0.0,,,,
-3.1024491941115,-57.82172023338222,2026-10-24,0.0,0.0,0.0,0.0,0.0,0,0,GERADO,normal,2026-10-24,2026,10,24,297,0.0,0.0,,,,
-14.04638,-46.34245,2026-06-04,316.14,289.73,1.51,0.47,0.4,60,0,NASA_FIRMS,queimada,2026-06-04,2026,6,4,155,18968.399999999998,26.409999999999968,,,,
3.124883012330862,-60.96000847781992,2025-10-27,0.0,0.0,0.0,0.0,0.0,0,0,GERADO,normal,2025-10-27,2025,10,27,300,0.0,0.0,,,,
13.8018346,106.992574,2025-09-24,0.0,0.0,0.0,0.0,0.0,0,0,NASA_EONET,enchente,2025-09-24T20:00:00Z,2025,9,24,267,0.0,0.0,,,,
-32.022249,-63.9698736,2026-03-27,0.0,0.0,0.0,0.0,0.0,0,0,NASA_EONET,enchente,2026-03-27T20:00:00Z,2026,3,27,86,0.0,0.0,,,,
-20.0358947679906,-68.84095404405373,2024-01-31,0.0,0.0,0.0,0.0,0.0,0,0,GERADO,normal,2024-01-31,2024,1,31,31,0.0,0.0,,,,
1.34949885,34.2760948579718,2025-08-17,0.0,0.0,0.0,0.0,0.0,0,0,NASA_EONET,enchente,2025-08-17T20:00:00Z,2025,8,17,229,0.0,0.0,,,,
-11.79953,-54.02172,2026-06-03,340.89,302.84,8.48,0.38,0.43,60,1,NASA_FIRMS,queimada,2026-06-03,2026,6,3,154,20453.399999999998,38.05000000000001,,,,
-16.16893,-58.48517,2026-06-04,330.87,305.39,3.0,0.39,0.44,30,1,NASA_FIRMS,queimada,2026-06-04,2026,6,4,155,9926.1,25.480000000000018,,,,
-5.51912,-43.98782,2026-06-04,341.66,288.99,8.39,0.55,0.68,60,1,NASA_FIRMS,queimada,2026-06-04,2026,6,4,155,20499.600000000002,52.670000000000016,,,,
12.543247,103.9188846,2025-11-17,0.0,0.0,0.0,0.0,0.0,0,0,NASA_EONET,enchente,2025-11-17T20:00:00Z,2025,11,17,321,0.0,0.0,,,,
-16.42296,-59.54873,2026-06-05,316.22,289.38,2.0,0.49,0.65,60,0,NASA_FIRMS,queimada,2026-06-05,2026,6,5,156,18973.2,26.840000000000032,,,,
1.3140707603211936,-40.59136644337396,2025-02-18,0.0,0.0,0.0,0.0,0.0,0,0,GERADO,normal,2025-02-18,2025,2,18,49,0.0,0.0,,,,
-17.49386,-59.53259,2026-06-03,353.57,294.77,12.06,0.51,0.41,60,0,NASA_FIRMS,queimada,2026-06-03,2026,6,3,154,21214.2,58.80000000000001,,,,
-6.4287985,-74.7975616,2026-04-27,0.0,0.0,0.0,0.0,0.0,0,0,NASA_EONET,enchente,2026-04-27T20:00:00Z,2026,4,27,117,0.0,0.0,,,,
-28.5112,-56.32913,2026-06-04,338.44,292.75,4.15,0.42,0.45,60,1,NASA_FIRMS,queimada,2026-06-04,2026,6,4,155,20306.4,45.69,,,,
-10.4868888,-76.5421611,2026-05-20,0.0,0.0,0.0,0.0,0.0,0,0,NASA_EONET,enchente,2026-05-20T20:00:00Z,2026,5,20,140,0.0,0.0,,,,
0.2854665602597848,-71.15943212517816,2025-10-13,0.0,0.0,0.0,0.0,0.0,0,0,GERADO,normal,2025-10-13,2025,10,13,286,0.0,0.0,,,,
29.9856799,77.5040646,2026-05-27,0.0,0.0,0.0,0.0,0.0,0,0,NASA_EONET,enchente,2026-05-27T20:00:00Z,2026,5,27,147,0.0,0.0,,,,
-16.43086456297584,-38.39115188229037,2026-06-22,0.0,0.0,0.0,0.0,0.0,0,0,GERADO,normal,2026-06-22,2026,6,22,173,0.0,0.0,,,,
14.707588,-91.731941,2025-09-30,0.0,0.0,0.0,0.0,0.0,0,0,NASA_EONET,enchente,2025-09-30T20:00:00Z,2025,9,30,273,0.0,0.0,,,,
-17.611877136433034,-61.90463374110317,2026-03-31,0.0,0.0,0.0,0.0,0.0,0,0,GERADO,normal,2026-03-31,2026,3,31,90,0.0,0.0,,,,
57.6379361,18.297982,2025-09-02,0.0,0.0,0.0,0.0,0.0,0,0,NASA_EONET,enchente,2025-09-02T20:00:00Z,2025,9,2,245,0.0,0.0,,,,
-6.7972049,107.6533472,2026-01-02,0.0,0.0,0.0,0.0,0.0,0,0,NASA_EONET,enchente,2026-01-02T20:00:00Z,2026,1,2,2,0.0,0.0,,,,
-13.52259,-54.30878,2026-06-05,313.73,289.69,1.48,0.36,0.57,60,0,NASA_FIRMS,queimada,2026-06-05,2026,6,5,156,18823.800000000003,24.04000000000002,,,,
5.7282262,10.8971603,2025-08-07,0.0,0.0,0.0,0.0,0.0,0,0,NASA_EONET,enchente,2025-08-07T20:00:00Z,2025,8,7,219,0.0,0.0,,,,
39.9438724,140.1117138,2025-09-01,0.0,0.0,0.0,0.0,0.0,0,0,NASA_EONET,enchente,2025-09-01T20:00:00Z,2025,9,1,244,0.0,0.0,,,,
-41.3748768,173.1065596,2026-05-30,0.0,0.0,0.0,0.0,0.0,0,0,NASA_EONET,enchente,2026-05-30T20:00:00Z,2026,5,30,150,0.0,0.0,,,,
-14.277078894608628,-57.57042777831062,2025-03-06,0.0,0.0,0.0,0.0,0.0,0,0,GERADO,normal,2025-03-06,2025,3,6,65,0.0,0.0,,,,
-20.24673,-40.23798,2026-06-05,304.28,288.69,2.88,0.45,0.47,60,0,NASA_FIRMS,queimada,2026-06-05,2026,6,5,156,18256.8,15.589999999999975,,,,
32.10091765,20.273410208919,2025-12-04,0.0,0.0,0.0,0.0,0.0,0,0,NASA_EONET,enchente,2025-12-04T20:00:00Z,2025,12,4,338,0.0,0.0,,,,
64.0942558,-139.45673,2026-05-06,0.0,0.0,0.0,0.0,0.0,0,0,NASA_EONET,enchente,2026-05-06T20:00:00Z,2026,5,6,126,0.0,0.0,,,,
-17.49007,-59.53188,2026-06-03,349.09,294.72,5.46,0.51,0.41,60,0,NASA_FIRMS,queimada,2026-06-03,2026,6,3,154,20945.399999999998,54.36999999999995,,,,
-17.49003,-60.41967,2026-06-02,328.63,298.52,2.89,0.41,0.37,60,1,NASA_FIRMS,queimada,2026-06-02,2026,6,2,153,19717.8,30.110000000000014,,,,
-5.4316465866212695,-63.64000256669725,2026-10-15,0.0,0.0,0.0,0.0,0.0,0,0,GERADO,normal,2026-10-15,2026,10,15,288,0.0,0.0,,,,
-11.54422,-56.33239,2026-06-04,334.15,303.59,3.25,0.41,0.37,60,1,NASA_FIRMS,queimada,2026-06-04,2026,6,4,155,20049.0,30.560000000000002,,,,
-15.9421834406895,-62.21236970145307,2025-02-11,0.0,0.0,0.0,0.0,0.0,0,0,GERADO,normal,2025-02-11,2025,2,11,42,0.0,0.0,,,,
-24.8346,-56.26739,2026-06-04,330.82,296.97,2.17,0.56,0.43,60,1,NASA_FIRMS,queimada,2026-06-04,2026,6,4,155,19849.2,33.849999999999966,,,,
-22.3453519,30.0268526,2026-01-11,0.0,0.0,0.0,0.0,0.0,0,0,NASA_EONET,enchente,2026-01-11T20:00:00Z,2026,1,11,11,0.0,0.0,,,,
-28.81381941998748,-68.68299621903927,2025-07-08,0.0,0.0,0.0,0.0,0.0,0,0,GERADO,normal,2025-07-08,2025,7,8,189,0.0,0.0,,,,
-18.37474,-59.07842,2026-06-05,312.77,288.94,2.87,0.58,0.7,60,0,NASA_FIRMS,queimada,2026-06-05,2026,6,5,156,18766.199999999997,23.829999999999984,,,,
32.278448,35.8896803020113,2025-12-26,0.0,0.0,0.0,0.0,0.0,0,0,NASA_EONET,enchente,2025-12-26T20:00:00Z,2025,12,26,360,0.0,0.0,,,,
-16.35604535226617,-40.660667999265385,2026-03-05,0.0,0.0,0.0,0.0,0.0,0,0,GERADO,normal,2026-03-05,2026,3,5,64,0.0,0.0,,,,
-10.22078,-48.07378,2026-06-04,308.7,291.32,0.81,0.39,0.36,60,0,NASA_FIRMS,queimada,2026-06-04,2026,6,4,155,18522.0,17.379999999999995,,,,
-2.3250494,-78.7035660061718,2026-02-17,0.0,0.0,0.0,0.0,0.0,0,0,NASA_EONET,enchente,2026-02-17T20:00:00Z,2026,2,17,48,0.0,0.0,,,,
-18.662439336941688,-47.4009565745441,2026-02-03,0.0,0.0,0.0,0.0,0.0,0,0,GERADO,normal,2026-02-03,2026,2,3,34,0.0,0.0,,,,
-11.32566,-53.95352,2026-06-03,333.93,302.19,4.86,0.39,0.44,60,1,NASA_FIRMS,queimada,2026-06-03,2026,6,3,154,20035.8,31.74000000000001,,,,
50.6194566,27.159712,2025-07-26,0.0,0.0,0.0,0.0,0.0,0,0,NASA_EONET,enchente,2025-07-26T20:00:00Z,2025,7,26,207,0.0,0.0,,,,
-19.336313313733044,-57.98910919251282,2024-11-17,0.0,0.0,0.0,0.0,0.0,0,0,GERADO,normal,2024-11-17,2024,11,17,322,0.0,0.0,,,,
-11.384112135463289,-38.620863966785336,2024-08-05,0.0,0.0,0.0,0.0,0.0,0,0,GERADO,normal,2024-08-05,2024,8,5,218,0.0,0.0,,,,
-22.22614,-56.7434,2026-06-03,330.22,298.26,1.99,0.38,0.36,60,1,NASA_FIRMS,queimada,2026-06-03,2026,6,3,154,19813.2,31.960000000000036,,,,
-7.309151280304491,-57.78307781295753,2024-07-28,0.0,0.0,0.0,0.0,0.0,0,0,GERADO,normal,2024-07-28,2024,7,28,210,0.0,0.0,,,,
-14.15668,-58.9984,2026-06-03,354.15,303.36,25.91,0.39,0.36,60,1,NASA_FIRMS,queimada,2026-06-03,2026,6,3,154,21249.0,50.789999999999964,,,,
-10.241711620647628,-34.44065577544203,2025-11-25,0.0,0.0,0.0,0.0,0.0,0,0,GERADO,normal,2025-11-25,2025,11,25,329,0.0,0.0,,,,
-12.43699,-58.40358,2026-06-03,367.0,306.52,10.47,0.39,0.36,90,1,NASA_FIRMS,queimada,2026-06-03,2026,6,3,154,33030.0,60.48000000000002,,,,
-28.30632,-55.85191,2026-06-03,332.54,299.89,10.43,0.39,0.36,60,1,NASA_FIRMS,queimada,2026-06-03,2026,6,3,154,19952.4,32.650000000000034,,,,
-31.597203550494918,-36.15724792705559,2026-05-01,0.0,0.0,0.0,0.0,0.0,0,0,GERADO,normal,2026-05-01,2026,5,1,121,0.0,0.0,,,,
-11.111047811999352,-59.79867774564353,2026-10-18,0.0,0.0,0.0,0.0,0.0,0,0,GERADO,normal,2026-10-18,2026,10,18,291,0.0,0.0,,,,
-25.40264389147633,-60.629349697809616,2026-12-07,0.0,0.0,0.0,0.0,0.0,0,0,GERADO,normal,2026-12-07,2026,12,7,341,0.0,0.0,,,,
-23.64089085780181,-43.47735672707526,2025-11-23,0.0,0.0,0.0,0.0,0.0,0,0,GERADO,normal,2025-11-23,2025,11,23,327,0.0,0.0,,,,
32.896672,13.1777923,2026-03-15,0.0,0.0,0.0,0.0,0.0,0,0,NASA_EONET,enchente,2026-03-15T20:00:00Z,2026,3,15,74,0.0,0.0,,,,
-6.997437871375453,-66.97749946468193,2024-08-10,0.0,0.0,0.0,0.0,0.0,0,0,GERADO,normal,2024-08-10,2024,8,10,223,0.0,0.0,,,,
-26.964631818898678,-42.86065893835442,2026-11-07,0.0,0.0,0.0,0.0,0.0,0,0,GERADO,normal,2026-11-07,2026,11,7,311,0.0,0.0,,,,
